id,ChapterName,difficulty,genuine_failure_count,raw_failure_count,failed_models,non_reasoning_models,genuine_failed_models,gemma_label,qwen_label,mistral_label,source,rationale,manual_note,non_reasoning_reason
1,ম্যাট্রিক্স ও নির্ণায়ক,Hard,3,3,"gemma,qwen,mistral",,"gemma,qwen,mistral",0,0,0,manual_note_plus_labels,"All three target models have genuine failures, indicating a hard reasoning problem.",Gemma: calculation mistake while mul;tiplying matrix. Specifically (AB)_12 Qwen: didnt even solve. Just said there is a relation between A and B. also wrote B^-1=A. Without anycalculation Mistral: solving in wrong way. Calculating B^-1 first without figurin...,
2,ম্যাট্রিক্স ও নির্ণায়ক,Easy,1,1,mistral,,mistral,1,1,0,manual_note_plus_labels,Only one target model has a genuine failure; most models solved the reasoning.,Mistral: failed to get A from A^-1,
3,ম্যাট্রিক্স ও নির্ণায়ক,Medium,2,2,"gemma,mistral",,"gemma,mistral",0,1,0,manual_note_plus_labels,"Two target models have genuine failures, so the problem has moderate reasoning difficulty.",Gemma: failed to understand dimension of A. [3 by 1 matrix]A=[3 by 3 matrix] Mistral: same as gemma,
4,ম্যাট্রিক্স ও নির্ণায়ক,Easy,0,0,,,,1,1,1,manual_blank_note_plus_labels,"All three target models solved it, or failures are final-format/non-reasoning only.",,
5,ম্যাট্রিক্স ও নির্ণায়ক,Easy,1,3,"gemma,qwen,mistral","qwen,gemma",mistral,0,0,0,manual_note_plus_labels,Only one target model has a genuine failure; most models solved the reasoning.,"Gemma: reasoning correct but final predicted answer is copied wrongly from detailed predicted solution. Mistral: wrong solution. To determinant become 0, its required the whole row or column to be 0",not listed in manual mistake notes; treated as correct/false-positive label; correct reasoning; final answer copied incorrectly
6,ম্যাট্রিক্স ও নির্ণায়ক,Easy,1,1,qwen,,qwen,1,0,1,manual_note_plus_labels,Only one target model has a genuine failure; most models solved the reasoning.,"Qwen: solve till determinant correctly but while calculate x^3+...=0, it made the mistake.",
7,ম্যাট্রিক্স ও নির্ণায়ক,Easy,1,1,gemma,,gemma,0,1,1,manual_note_plus_labels,Only one target model has a genuine failure; most models solved the reasoning.,Gemma: wrong solution. Mistake in the first step of finding determinant. MIstral: correct solution but too much contradictory and unnecessary statements,
9,ম্যাট্রিক্স ও নির্ণায়ক,Easy,1,1,mistral,,mistral,1,1,0,manual_note_plus_labels,Only one target model has a genuine failure; most models solved the reasoning.,Mistral: wrong solution method. Made calculation mnistake there,
10,ম্যাট্রিক্স ও নির্ণায়ক,Medium,2,2,"qwen,mistral",,"qwen,mistral",1,0,0,manual_note_plus_labels,"Two target models have genuine failures, so the problem has moderate reasoning difficulty.",Model solutions are not taking [n*pi](http://n.pi)-pi/6 as answers.,
11,ম্যাট্রিক্স ও নির্ণায়ক,Easy,0,0,,,,1,1,1,model_labels_only,"All three target models solved it, or failures are final-format/non-reasoning only.",,
12,ম্যাট্রিক্স ও নির্ণায়ক,Hard,3,3,"gemma,qwen,mistral",,"gemma,qwen,mistral",0,0,0,manual_note_plus_labels,"All three target models have genuine failures, indicating a hard reasoning problem.","Gemma: found the equation but then instead of simplification started to calculate final value using different a,b,c. Quen: corrupted output Mistral: wrong step while calculating minor determinant",
13,ম্যাট্রিক্স ও নির্ণায়ক,Easy,0,0,,,,1,1,1,manual_blank_note_plus_labels,"All three target models solved it, or failures are final-format/non-reasoning only.",,
14,ভেক্টর,Easy,1,1,gemma,,gemma,0,1,1,manual_note_plus_labels,Only one target model has a genuine failure; most models solved the reasoning.,"Gemma: Gemma ভুল করেছে: cross product পাওয়ার পর unit scaling না করে সরাসরি \(5\) দিয়ে গুণ করেছে, তাই \(-25\hat i-25\hat j-25\hat k\) পেয়েছে।",
15,ভেক্টর,Hard,3,3,"gemma,qwen,mistral",,"gemma,qwen,mistral",0,0,0,manual_note_plus_labels,"All three target models have genuine failures, indicating a hard reasoning problem.","Gemma: তারা \(\vec a\times\vec b\) নিয়েছে, যা \(\vec a,\vec b\)-এর সমতলের লম্ব, কিন্তু প্রশ্নে চাওয়া vectorটি ওই সমতলের মধ্যেই থাকবে। Mistral: same as Gemma Qwen: didnt solve whole math. Provided a wrong answer without reasoning. May be models are not able...",
16,ভেক্টর,Easy,0,0,,,,1,1,1,manual_blank_note_plus_labels,"All three target models solved it, or failures are final-format/non-reasoning only.",,
17,ভেক্টর,Hard,3,3,"gemma,qwen,mistral",,"gemma,qwen,mistral",0,0,0,manual_note_plus_labels,"All three target models have genuine failures, indicating a hard reasoning problem.","All the models missed the point that an intersecting vector will cross the center. হ্যাঁ, যদি প্রশ্নের অর্থ হয় দুটি position vector-এর ছেদবিন্দুগামী সরলরেখা, তাহলে তোমার intuition ঠিক: position vector দুটির common initial point হলো origin বা কেন্দ্র \(O\)।...",
18,ভেক্টর,Easy,0,1,mistral,mistral,,1,1,0,manual_blank_note_plus_labels,"All three target models solved it, or failures are final-format/non-reasoning only.",,not listed in manual mistake notes; treated as correct/false-positive label
19,ভেক্টর,Hard,3,3,"gemma,qwen,mistral",,"gemma,qwen,mistral",0,0,0,manual_note_plus_labels,"All three target models have genuine failures, indicating a hard reasoning problem.",Unit issue,
20,ভেক্টর,Hard,3,3,"gemma,qwen,mistral",,"gemma,qwen,mistral",0,0,0,manual_note_plus_labels,"All three target models have genuine failures, indicating a hard reasoning problem.",Model fails to understand the question properly. Codex can understand.,
21,ভেক্টর,Easy,0,0,,,,1,1,1,manual_blank_note_plus_labels,"All three target models solved it, or failures are final-format/non-reasoning only.",,
24,ভেক্টর,Easy,1,3,"gemma,qwen,mistral","gemma,qwen",mistral,0,0,0,manual_note_plus_labels,Only one target model has a genuine failure; most models solved the reasoning.,MIstral: mistake in minor determinant,not listed in manual mistake notes; treated as correct/false-positive label; not listed in manual mistake notes; treated as correct/false-positive label
25,ভেক্টর,Easy,0,3,"gemma,qwen,mistral","gemma,qwen,mistral",,0,0,0,manual_note_plus_labels,"All three target models solved it, or failures are final-format/non-reasoning only.",Reasoning is ok here. Mainly answer mismatch is related to format. It required 2 answers but only 1 is there.,reasoning ok; answer mismatch is mainly format/incomplete final; reasoning ok; answer mismatch is mainly format/incomplete final; reasoning ok; answer mismatch is mainly format/incomplete final
26,ভেক্টর,Easy,0,0,,,,1,1,1,manual_blank_note_plus_labels,"All three target models solved it, or failures are final-format/non-reasoning only.",,
27,ভেক্টর,Easy,0,0,,,,1,1,1,manual_blank_note_plus_labels,"All three target models solved it, or failures are final-format/non-reasoning only.",,
28,ভেক্টর,Easy,0,0,,,,1,1,1,model_labels_only,"All three target models solved it, or failures are final-format/non-reasoning only.",,
29,ভেক্টর,Easy,1,1,mistral,,mistral,1,1,0,manual_note_plus_labels,Only one target model has a genuine failure; most models solved the reasoning.,Gemma: using cross product for scaler calculation Mistral: its giving vector project while asked scaler in question,
30,ভেক্টর,Easy,1,2,"gemma,mistral",mistral,gemma,0,1,0,manual_note_plus_labels,Only one target model has a genuine failure; most models solved the reasoning.,"Gemma: wrong reasoning. For 3 vectors composing a triangle, 2 vector with scaler product 0 is enough. Now even if there is a non zero cross product, triangle is possible",not listed in manual mistake notes; treated as correct/false-positive label
31,ভেক্টর,Easy,1,1,qwen,,qwen,1,0,1,manual_note_plus_labels,Only one target model has a genuine failure; most models solved the reasoning.,Qwen: made a silly math mistake -(3a-2)=-3a-2,
32,ভেক্টর,Hard,3,3,"gemma,qwen,mistral",,"gemma,qwen,mistral",0,0,0,manual_note_plus_labels,"All three target models have genuine failures, indicating a hard reasoning problem.",Gemma: make mistake while calculating cross product. Wrong formula Qwen: solves cross product but question requires magnitude Mistral: wrong calculation in case of cross product,
33,সরলরেখা,Hard,3,3,"gemma,qwen,mistral",,"gemma,qwen,mistral",0,0,0,manual_note_plus_labels,"All three target models have genuine failures, indicating a hard reasoning problem.",All models didnt take -5 into account only 5 is answered. k^2=25,
34,সরলরেখা,Hard,3,3,"gemma,qwen,mistral",,"gemma,qwen,mistral",0,0,0,manual_note_plus_labels,"All three target models have genuine failures, indicating a hard reasoning problem.","Gemma: didnt understand the problem. Qwen: made mistake while calculating intercepts from normal form. Mistral: answer is not expected ones. ধরে নিয়েছে রেখা \(LM\)-এর slope . এখানে \(30^\circ\) হচ্ছে normal-এর angle, \(LM\)-এর angle না। রেখা \(LM\) normal-এ...",
35,সরলরেখা,Easy,0,1,gemma,gemma,,0,1,1,manual_blank_note_plus_labels,"All three target models solved it, or failures are final-format/non-reasoning only.",,not listed in manual mistake notes; treated as correct/false-positive label
36,সরলরেখা,Easy,0,0,,,,1,1,1,manual_blank_note_plus_labels,"All three target models solved it, or failures are final-format/non-reasoning only.",,
37,সরলরেখা,Hard,3,3,"gemma,qwen,mistral",,"gemma,qwen,mistral",0,0,0,manual_note_plus_labels,"All three target models have genuine failures, indicating a hard reasoning problem.","Gemma: প্রদত্ত কর্ণের \(x\)-axis ও \(y\)-axis intercept-কে কর্ণের প্রান্তবিন্দু ধরে নিয়েছে। রেখার intercept কর্ণের endpoint নয়। Qwen: সে প্রদত্ত কর্ণকেই একটি বাহু/রেখা হিসেবে ধরে দিয়েছে, কিন্তু \(A(1,2)\) এই রেখাতেই নেই। তাই এটি \(A\)-গামী বাহু হতে পারে না...",
38,সরলরেখা,Easy,1,1,qwen,,qwen,1,0,1,manual_note_plus_labels,Only one target model has a genuine failure; most models solved the reasoning.,Qwen: সে \(C\)-কে \(A\) ও \(B\)-এর মাঝখানে internal division হিসেবে ধরেছে। কিন্তু প্রশ্নে বলা আছে \(AB\) রেখা \(C\) পর্যন্ত বর্ধিত করা হয়েছে।,
39,সরলরেখা,Medium,2,3,"gemma,qwen,mistral",qwen,"gemma,mistral",0,0,0,manual_note_plus_labels,"Two target models have genuine failures, so the problem has moderate reasoning difficulty.",Gemma: made a mistake in the middle of solving the equation. Qwen: correct solution. Got both but only one answer provided in final answer Mistral: wrong equation while solving,correct solution; both roots found but final lists one
40,সরলরেখা,Easy,1,1,mistral,,mistral,1,1,0,manual_note_plus_labels,Only one target model has a genuine failure; most models solved the reasoning.,Mistral: Mistral ভুল করেছে কারণ সে নতুন রেখা নিয়েছে \[ x+3y+C'=0 \] এবং শুধু origin থেকে তার দূরত্ব \(3\) করেছে। কিন্তু দরকার ছিল প্রদত্ত রেখা \(x+3y-8=0\) থেকে দূরত্ব \(3\)।,
42,সরলরেখা,Hard,3,3,"gemma,qwen,mistral",,"gemma,qwen,mistral",0,0,0,manual_note_plus_labels,"All three target models have genuine failures, indicating a hard reasoning problem.",Gemma: wrong approach. Have to find angle bisectors. Qwen: wrong to formula to calculate angle bisector Mistral: mistral made a mistake which deciding the sign,
43,সরলরেখা,Hard,3,3,"gemma,qwen,mistral",,"gemma,qwen,mistral",0,0,0,manual_note_plus_labels,"All three target models have genuine failures, indicating a hard reasoning problem.","Gemma: intersection ঠিক, কিন্তু wrong slope formula। Qwen: slope derivation ভুল, intersection point ব্যবহার করেনি। Mistral: slope যোগ করে bisector ধরেছে, formula ভুল।",
44,সরলরেখা,Medium,2,2,"gemma,mistral",,"gemma,mistral",0,1,0,manual_note_plus_labels,"Two target models have genuine failures, so the problem has moderate reasoning difficulty.","Gemma: \(x\)-অক্ষের সাথে দুই রেখার কোণ \(\alpha\) ও \(\frac{\pi}{2}-\alpha\) না বের করে সরাসরি অন্তর্গত কোণ \(2\alpha\) ধরে নিয়েছে; slope/angle formula ব্যবহার করেনি। Qwen: মূল ধারণা ঠিক ধরেছে: \(\theta=90^\circ-2\alpha\), কোণ দুটিও ঠিক। কিন্তু expected ans...",
45,সরলরেখা,Easy,0,2,"qwen,mistral","qwen,mistral",,1,0,0,manual_blank_note_plus_labels,"All three target models solved it, or failures are final-format/non-reasoning only.",,not listed in manual mistake notes; treated as correct/false-positive label; not listed in manual mistake notes; treated as correct/false-positive label
46,সরলরেখা,Hard,3,3,"gemma,qwen,mistral",,"gemma,qwen,mistral",0,0,0,manual_note_plus_labels,"All three target models have genuine failures, indicating a hard reasoning problem.",Gemma: intersection পেয়েও angle-bisector condition ব্যবহার করেনি; একই point থেকে slope বের করতে গিয়ে \(0/0\) করে vertical line বানিয়েছে। Qwen: wrong bisector-slope formula ব্যবহার করেছে এবং রেখাটি intersection point দিয়ে নেয়নি। Mistral: \(\tan\theta\)-এর fo...,
47,সরলরেখা,Easy,0,1,gemma,gemma,,0,1,1,manual_blank_note_plus_labels,"All three target models solved it, or failures are final-format/non-reasoning only.",,not listed in manual mistake notes; treated as correct/false-positive label
48,সরলরেখা,Medium,2,2,"qwen,mistral",,"qwen,mistral",1,0,0,manual_note_plus_labels,"Two target models have genuine failures, so the problem has moderate reasoning difficulty.","Gemma: final সঠিক, reasoning কিছু জায়গায় দুর্বল। Qwen: bisector-এর \(y\)-intercept না বের করে ভুল distance নিয়েছে। Mistral: wrong bisector slopes নিয়েছে।",
49,সরলরেখা,Easy,1,3,"gemma,qwen,mistral","qwen,mistral",gemma,0,0,0,manual_note_plus_labels,Only one target model has a genuine failure; most models solved the reasoning.,"Gemma: main equation ঠিক, কিন্তু \(b=0\) special case ভুল বলেছে।",not listed in manual mistake notes; treated as correct/false-positive label; not listed in manual mistake notes; treated as correct/false-positive label
50,সরলরেখা,Hard,3,3,"gemma,qwen,mistral",,"gemma,qwen,mistral",0,0,0,manual_note_plus_labels,"All three target models have genuine failures, indicating a hard reasoning problem.","Gemma: \((1,9)\)-কে রেখার উপর ধরে ফেলেছে, distance \(6\) condition মানেনি। Qwen: \((7,17)\) দিয়ে যাওয়ার condition মানেনি। Mistral: distance numerator \(8-6m\) না নিয়ে \(10-6m\) করেছে।",
51,সরলরেখা,Easy,1,1,gemma,,gemma,0,1,1,manual_note_plus_labels,Only one target model has a genuine failure; most models solved the reasoning.,Gemma: \(D\)-কে perpendicular দিকে না নিয়ে \(AB\)-এর same line extension-এ নিয়েছে।,
52,সরলরেখা,Medium,2,2,"qwen,mistral",,"qwen,mistral",1,0,0,manual_note_plus_labels,"Two target models have genuine failures, so the problem has moderate reasoning difficulty.","Qwen: slope পেয়েছে, কিন্তু \(A\) বিন্দু না বের করায় \(c\) অজানা রেখেছে। Mistral: সঠিক slope-intercept form থেকে ভুল standard form বানিয়েছে।",
53,সরলরেখা,Medium,2,2,"gemma,mistral",,"gemma,mistral",0,1,0,manual_note_plus_labels,"Two target models have genuine failures, so the problem has moderate reasoning difficulty.","Gemma/Llama: \(60^\circ\) কোণকে given line-এর সাথে না নিয়ে \(x\)-axis-এর সাথে নিয়েছে। Qwen: সঠিক। Mistral: formula ঠিক, কিন্তু rationalization/algebra error-এ একটি slope ভুল হয়েছে।",
54,সরলরেখা,Easy,0,3,"gemma,qwen,mistral","gemma,qwen,mistral",,0,0,0,manual_blank_note_plus_labels,"All three target models solved it, or failures are final-format/non-reasoning only.",,not listed in manual mistake notes; treated as correct/false-positive label; not listed in manual mistake notes; treated as correct/false-positive label; not listed in manual mistake notes; treated as correct/false-positive label
56,সরলরেখা,Easy,1,3,"gemma,qwen,mistral","qwen,mistral",gemma,0,0,0,manual_note_plus_labels,Only one target model has a genuine failure; most models solved the reasoning.,"Gemma: শুধু এক জোড়া parallel দেখে থেমেছে; দ্বিতীয় জোড়া parallel check করেনি। Qwen: parallelogram/square-কে trapezium ধরে নিয়েছে, কিন্তু expected exclusive definition ব্যবহার করেছে। Mistral: parallelogram/square-কে trapezium ধরে নিয়েছে, কিন্তু expected exclu...",definition mismatch: inclusive vs expected exclusive trapezium; definition mismatch: inclusive vs expected exclusive trapezium
57,সরলরেখা,Easy,1,1,gemma,,gemma,0,1,1,manual_note_plus_labels,Only one target model has a genuine failure; most models solved the reasoning.,"Gemma: \(p\)-এর জন্য normalization factor \(2\sqrt3\) বাদ দিয়েছে। Qwen: \(\cos=\sqrt3/2,\sin=1/2\) থেকেও \(\alpha=60^\circ\) লিখেছে। Mistral: একটি branch ঠিক, কিন্তু দ্বিতীয় branch বাদ।",
58,সরলরেখা,Easy,0,2,"qwen,mistral","qwen,mistral",,1,0,0,manual_blank_note_plus_labels,"All three target models solved it, or failures are final-format/non-reasoning only.",,not listed in manual mistake notes; treated as correct/false-positive label; not listed in manual mistake notes; treated as correct/false-positive label
59,সরলরেখা,Easy,1,1,gemma,,gemma,0,1,1,manual_note_plus_labels,Only one target model has a genuine failure; most models solved the reasoning.,"Gemma: altitude-কে \(BC\)-এর parallel ধরে নিয়েছে, perpendicular নয়।",
60,সরলরেখা,Easy,1,3,"gemma,qwen,mistral","qwen,mistral",gemma,0,0,0,manual_note_plus_labels,Only one target model has a genuine failure; most models solved the reasoning.,Gemma: midpoint না নিয়ে \(P\) দিয়ে রেখা বানিয়েছে।,not listed in manual mistake notes; treated as correct/false-positive label; not listed in manual mistake notes; treated as correct/false-positive label
61,সরলরেখা,Easy,0,0,,,,1,1,1,manual_note_plus_labels,"All three target models solved it, or failures are final-format/non-reasoning only.",Gemma: midpoint না নিয়ে \(P\) দিয়ে রেখা বানিয়েছে।,
62,সরলরেখা,Medium,2,2,"gemma,mistral",,"gemma,mistral",0,1,0,manual_note_plus_labels,"Two target models have genuine failures, so the problem has moderate reasoning difficulty.",Gemma: \(y\)-অক্ষের দূরত্ব \(|x|\) ব্যবহার করেনি। Mistral: \(y\)-অক্ষের দূরত্ব \(|y|\) ধরে নিয়েছে।,
63,সরলরেখা,Easy,1,1,gemma,,gemma,0,1,1,manual_note_plus_labels,Only one target model has a genuine failure; most models solved the reasoning.,Gemma: \(D\) কে \(BC\)-এর midpoint হিসেবে ঠিকভাবে নেয়নি।,
64,সরলরেখা,Medium,2,2,"qwen,mistral",,"qwen,mistral",1,0,0,manual_note_plus_labels,"Two target models have genuine failures, so the problem has moderate reasoning difficulty.",Qwen: পাদবিন্দুকে original point ধরে ফেলেছে। Mistral: perpendicular foot solve-এ algebra ভুল।,
65,সরলরেখা,Easy,1,1,gemma,,gemma,0,1,1,manual_note_plus_labels,Only one target model has a genuine failure; most models solved the reasoning.,Gemma: common point থেকে \(a=3\) ঠিকভাবে নেয়নি।,
67,সরলরেখা,Easy,1,1,qwen,,qwen,1,0,1,manual_note_plus_labels,Only one target model has a genuine failure; most models solved the reasoning.,Gemma: perpendicular-normal angle থেকে slope ভুল করেছে। Qwen: area condition থেকে constant \(10\) না পেয়ে \(\sqrt2\) করেছে।,
68,সরলরেখা,Easy,1,2,"gemma,mistral",mistral,gemma,0,1,0,manual_note_plus_labels,Only one target model has a genuine failure; most models solved the reasoning.,Gemma: generic point-slope line-এ থেমে গেছে। Qwen: correct solution but দুইটির বদলে একটাই রেখা দিয়েছে।,not listed in manual mistake notes; treated as correct/false-positive label
69,সরলরেখা,Easy,1,1,qwen,,qwen,1,0,1,manual_note_plus_labels,Only one target model has a genuine failure; most models solved the reasoning.,Qwen: ভুল; unnecessary projection/reflection formula ব্যবহার করে জটিল ভগ্নাংশ দিয়েছে। \(y=x\)-এ reflection হলে সরাসরি coordinates swap হয়।,
70,সরলরেখা,Easy,0,3,"gemma,qwen,mistral","gemma,qwen,mistral",,0,0,0,manual_blank_note_plus_labels,"All three target models solved it, or failures are final-format/non-reasoning only.",,not listed in manual mistake notes; treated as correct/false-positive label; not listed in manual mistake notes; treated as correct/false-positive label; not listed in manual mistake notes; treated as correct/false-positive label
71,বৃত্ত,Easy,1,1,gemma,,gemma,0,1,1,manual_note_plus_labels,Only one target model has a genuine failure; most models solved the reasoning.,Gemma: নতুন বৃত্তের কেন্দ্রকে সঠিক tangent \(x+2y+3=0\)-এর উপর রেখে equidistance condition solve করেনি। Quen: নতুন বৃত্তের কেন্দ্রকে সঠিক tangent \(x+2y+3=0\)-এর উপর রেখে equidistance condition solve করেনি। Mistral: নতুন বৃত্তের কেন্দ্রকে সঠিক tangent \(x+2...,
72,বৃত্ত,Hard,3,3,"gemma,qwen,mistral",,"gemma,qwen,mistral",0,0,0,manual_note_plus_labels,"All three target models have genuine failures, indicating a hard reasoning problem.","Gemma: \(C=(0,0)\) ধরেছে, কিন্তু \(AC\) ও \(BC\) তখন লম্ব হয় না। পরে circle equation-ও ভুল/অস্পষ্ট। Qwen: \(C\) কে \((c,0)\) লিখেছে, অথচ \(C\) \(y\)-অক্ষে হওয়ায় হওয়া উচিত \((0,t)\)। সেখান থেকেই solution ভেঙেছে। Mistral: final answer দেয়নি।",
73,বৃত্ত,Easy,1,2,"gemma,qwen",qwen,gemma,0,0,1,manual_note_plus_labels,Only one target model has a genuine failure; most models solved the reasoning.,"Gemma: tangent point দিয়ে যায় কি না check করেনি। Qwen: normal দিয়েছে, tangent বাদ।(reasoning correct but incomeplete final answer) Mistral: সঠিক।",reasoning mostly correct; incomplete tangent/normal final
74,বৃত্ত,Hard,3,3,"gemma,qwen,mistral",,"gemma,qwen,mistral",0,0,0,manual_note_plus_labels,"All three target models have genuine failures, indicating a hard reasoning problem.","All 3 wrong Gemma/Llama: chord equation বের করেনি। Qwen: radius \(OM\)-কেই chord ধরে ফেলেছে। Mistral: midpoint line নিয়েছে, কিন্তু correct perpendicular chord নয়।",
75,বৃত্ত,Easy,1,2,"qwen,mistral",mistral,qwen,1,0,0,manual_note_plus_labels,Only one target model has a genuine failure; most models solved the reasoning.,"Qwen: center wrongly \((2,3)\) ধরেছে।",not listed in manual mistake notes; treated as correct/false-positive label
76,বৃত্ত,Hard,3,3,"gemma,qwen,mistral",,"gemma,qwen,mistral",0,0,0,manual_note_plus_labels,"All three target models have genuine failures, indicating a hard reasoning problem.",Gemma: circumcenter-কে centroid ধরে নিয়েছে। Qwen: perpendicular bisector midpoint দিয়ে না নিয়ে endpoint দিয়ে নিয়েছে। Mistral: center equations expand করতে arithmetic ভুল করেছে।,
77,বৃত্ত,Easy,1,1,gemma,,gemma,0,1,1,manual_note_plus_labels,Only one target model has a genuine failure; most models solved the reasoning.,Gemma: tangent circles-এর radius \(5\pm3\) নেয়নি।,
78,বৃত্ত,Hard,3,3,"gemma,qwen,mistral",,"gemma,qwen,mistral",0,0,0,manual_note_plus_labels,"All three target models have genuine failures, indicating a hard reasoning problem.","Gemma: \(y\)-অক্ষ থেকে center-এর দূরত্ব \(|x|\), এটা ভুল নিয়েছে। Qwen: \(y\)-অক্ষ থেকে center-এর দূরত্ব \(|x|\), এটা ভুল নিয়েছে। Mistral: \(y\)-অক্ষ থেকে center-এর দূরত্ব \(|x|\), এটা ভুল নিয়েছে।",
79,বৃত্ত,Easy,1,3,"gemma,qwen,mistral","qwen,mistral",gemma,0,0,0,manual_note_plus_labels,Only one target model has a genuine failure; most models solved the reasoning.,"Gemma: \(h\) arbitrary ধরে নিয়েছে, \(x+y=3\) solve করেনি।",not listed in manual mistake notes; treated as correct/false-positive label; not listed in manual mistake notes; treated as correct/false-positive label
80,বৃত্ত,Easy,0,3,"gemma,qwen,mistral","gemma,qwen,mistral",,0,0,0,manual_note_plus_labels,"All three target models solved it, or failures are final-format/non-reasoning only.","Gemma: reasoning and calculation ঠিক, কিন্তু final-এ \(AB\) ও area দুটো আলাদা করে দেয়নি। incomplete answer Qwen: reasoning and calculation ঠিক, কিন্তু final-এ \(AB\) ও area দুটো আলাদা করে দেয়নি। incomplete answer Mistral: reasoning and calculation ঠিক, কিন্...",reasoning and calculation correct; final did not list both requested values; reasoning and calculation correct; final did not list both requested values; reasoning and calculation correct; final did not list both requested values
81,বৃত্ত,Medium,2,2,"gemma,qwen",,"gemma,qwen",0,0,1,manual_note_plus_labels,"Two target models have genuine failures, so the problem has moderate reasoning difficulty.","Gemma: \(y=2\)-এর tangent হলে center \((3,k)\) হবে, এই মূল geometric condition ধরেনি। Qwen: \(y=2\)-এর tangent হলে center \((3,k)\) হবে, এই মূল geometric condition ধরেনি।",
82,বৃত্ত,Hard,3,3,"gemma,qwen,mistral",,"gemma,qwen,mistral",0,0,0,manual_note_plus_labels,"All three target models have genuine failures, indicating a hard reasoning problem.",Gemma: সব ভুল model-ই \(y\)-অক্ষের chord length condition \(2\sqrt{k^2-16}=6\) ঠিকভাবে ব্যবহার করেনি। Qwen: সব ভুল model-ই \(y\)-অক্ষের chord length condition \(2\sqrt{k^2-16}=6\) ঠিকভাবে ব্যবহার করেনি। Mistral: সব ভুল model-ই \(y\)-অক্ষের chord length cond...,
83,বৃত্ত,Easy,1,1,gemma,,gemma,0,1,1,manual_note_plus_labels,Only one target model has a genuine failure; most models solved the reasoning.,"Gemma: slope নিয়েছে, কিন্তু center থেকে রেখার distance \(=3\) condition ঠিকভাবে প্রয়োগ করেনি।",
84,বৃত্ত,Hard,3,3,"gemma,qwen,mistral",,"gemma,qwen,mistral",0,0,0,manual_note_plus_labels,"All three target models have genuine failures, indicating a hard reasoning problem.",Gemma: tangent না বের করে axis intersection বের করেছে। Qwen: equal and opposite intercept condition \(x-y+c=0\) ব্যবহার করেনি। Mistral: equal and opposite intercept condition \(x-y+c=0\) ব্যবহার করেনি।,
85,বৃত্ত,Medium,2,3,"gemma,qwen,mistral",gemma,"qwen,mistral",0,0,0,manual_note_plus_labels,"Two target models have genuine failures, so the problem has moderate reasoning difficulty.",Gemma: দুটো root পেলেও final-এ শুধু একটি দিয়েছে। Qwen: quadratic ঠিক পেলেও discriminant arithmetic ভুল। Mistral: quadratic ঠিক পেলেও discriminant arithmetic ভুল।,two roots found but final lists one
86,বৃত্ত,Hard,3,3,"gemma,qwen,mistral",,"gemma,qwen,mistral",0,0,0,manual_note_plus_labels,"All three target models have genuine failures, indicating a hard reasoning problem.","Gemma: quadratic-এর দুই root থেকে দুইটি circle দরকার, কিন্তু একটাই দিয়েছে। Qwen: quadratic-এর দুই root থেকে দুইটি circle দরকার, কিন্তু একটাই দিয়েছে। Mistral: quadratic-এর দুই root থেকে দুইটি circle দরকার, কিন্তু একটাই দিয়েছে।",
87,বৃত্ত,Medium,2,2,"gemma,mistral",,"gemma,mistral",0,1,0,manual_note_plus_labels,"Two target models have genuine failures, so the problem has moderate reasoning difficulty.","Gemma: “শুধু একটিই বৃত্ত” মানে \(PQ\) diameter, তাই \(r=PQ/2\), এটা ধরেনি। Mistral: “শুধু একটিই বৃত্ত” মানে \(PQ\) diameter, তাই \(r=PQ/2\), এটা ধরেনি।",
88,বৃত্ত,Easy,0,0,,,,1,1,1,manual_blank_note_plus_labels,"All three target models solved it, or failures are final-format/non-reasoning only.",,
89,বৃত্ত,Medium,2,2,"gemma,qwen",,"gemma,qwen",0,0,1,manual_note_plus_labels,"Two target models have genuine failures, so the problem has moderate reasoning difficulty.","Gemma: tangent intersection-এর locus original circle নয়, radius \(\sqrt2a\)-এর circle। Qwen: tangent intersection-এর locus original circle নয়, radius \(\sqrt2a\)-এর circle।",
90,বৃত্ত,Hard,3,3,"gemma,qwen,mistral",,"gemma,qwen,mistral",0,0,0,manual_note_plus_labels,"All three target models have genuine failures, indicating a hard reasoning problem.",Gemma: tangent-কে diameter-এর same line ধরে নিয়েছে। Qwen: origin বৃত্তের উপর আছে বুঝতে পারেনি। Mistral: origin দিয়ে যাওয়া diameter line বের করেনি।,
91,বৃত্ত,Easy,0,0,,,,1,1,1,manual_blank_note_plus_labels,"All three target models solved it, or failures are final-format/non-reasoning only.",,
92,বৃত্ত,Easy,1,3,"gemma,qwen,mistral","qwen,mistral",gemma,0,0,0,manual_note_plus_labels,Only one target model has a genuine failure; most models solved the reasoning.,"Gemma: \(y\)-অক্ষকে স্পর্শ করলে radius \(=2\), chord length \(0\), এটা ধরেনি।",not listed in manual mistake notes; treated as correct/false-positive label; not listed in manual mistake notes; treated as correct/false-positive label
93,বৃত্ত,Easy,1,2,"qwen,mistral",qwen,mistral,1,0,0,manual_note_plus_labels,Only one target model has a genuine failure; most models solved the reasoning.,"Gemma: equations ঠিক, কিন্তু tangent/normal label উল্টো। Mistral: tangent-এর constant ভুল।",not listed in manual mistake notes; treated as correct/false-positive label
94,বৃত্ত,Medium,2,3,"gemma,qwen,mistral",mistral,"gemma,qwen",0,0,0,manual_note_plus_labels,"Two target models have genuine failures, so the problem has moderate reasoning difficulty.","Gemma: \(k=-1\) solve করেনি, solution incomplete। Qwen: circle ঠিক, অপর tangent-এর slope ভুল। Qwen: circle ঠিক, অপর tangent-এর slope ভুল।",not listed in manual mistake notes; treated as correct/false-positive label
95,বিন্যাস ও সমাবেশ,Easy,1,1,qwen,,qwen,1,0,1,model_labels_only,Only one target model has a genuine failure; most models solved the reasoning.,,
96,বিন্যাস ও সমাবেশ,Easy,0,0,,,,1,1,1,model_labels_only,"All three target models solved it, or failures are final-format/non-reasoning only.",,
97,বিন্যাস ও সমাবেশ,Medium,2,2,"gemma,mistral",,"gemma,mistral",0,1,0,model_labels_only,"Two target models have genuine failures, so the problem has moderate reasoning difficulty.",,
98,বিন্যাস ও সমাবেশ,Easy,1,1,mistral,,mistral,1,1,0,model_labels_only,Only one target model has a genuine failure; most models solved the reasoning.,,
99,বিন্যাস ও সমাবেশ,Easy,0,0,,,,1,1,1,model_labels_only,"All three target models solved it, or failures are final-format/non-reasoning only.",,
100,বিন্যাস ও সমাবেশ,Hard,3,3,"gemma,qwen,mistral",,"gemma,qwen,mistral",0,0,0,model_labels_only,"All three target models have genuine failures, indicating a hard reasoning problem.",,
101,বিন্যাস ও সমাবেশ,Hard,3,3,"gemma,qwen,mistral",,"gemma,qwen,mistral",0,0,0,model_labels_only,"All three target models have genuine failures, indicating a hard reasoning problem.",,
102,বিন্যাস ও সমাবেশ,Hard,3,3,"gemma,qwen,mistral",,"gemma,qwen,mistral",0,0,0,model_labels_only,"All three target models have genuine failures, indicating a hard reasoning problem.",,
103,বিন্যাস ও সমাবেশ,Hard,3,3,"gemma,qwen,mistral",,"gemma,qwen,mistral",0,0,0,model_labels_only,"All three target models have genuine failures, indicating a hard reasoning problem.",,
104,বিন্যাস ও সমাবেশ,Medium,2,2,"gemma,mistral",,"gemma,mistral",0,1,0,model_labels_only,"Two target models have genuine failures, so the problem has moderate reasoning difficulty.",,
105,বিন্যাস ও সমাবেশ,Hard,3,3,"gemma,qwen,mistral",,"gemma,qwen,mistral",0,0,0,model_labels_only,"All three target models have genuine failures, indicating a hard reasoning problem.",,
106,বিন্যাস ও সমাবেশ,Easy,1,1,gemma,,gemma,0,1,1,model_labels_only,Only one target model has a genuine failure; most models solved the reasoning.,,
107,বিন্যাস ও সমাবেশ,Hard,3,3,"gemma,qwen,mistral",,"gemma,qwen,mistral",0,0,0,model_labels_only,"All three target models have genuine failures, indicating a hard reasoning problem.",,
108,বিন্যাস ও সমাবেশ,Hard,3,3,"gemma,qwen,mistral",,"gemma,qwen,mistral",0,0,0,model_labels_only,"All three target models have genuine failures, indicating a hard reasoning problem.",,
109,বিন্যাস ও সমাবেশ,Hard,3,3,"gemma,qwen,mistral",,"gemma,qwen,mistral",0,0,0,model_labels_only,"All three target models have genuine failures, indicating a hard reasoning problem.",,
110,বিন্যাস ও সমাবেশ,Hard,3,3,"gemma,qwen,mistral",,"gemma,qwen,mistral",0,0,0,model_labels_only,"All three target models have genuine failures, indicating a hard reasoning problem.",,
111,বিন্যাস ও সমাবেশ,Hard,3,3,"gemma,qwen,mistral",,"gemma,qwen,mistral",0,0,0,model_labels_only,"All three target models have genuine failures, indicating a hard reasoning problem.",,
112,বিন্যাস ও সমাবেশ,Hard,3,3,"gemma,qwen,mistral",,"gemma,qwen,mistral",0,0,0,model_labels_only,"All three target models have genuine failures, indicating a hard reasoning problem.",,
113,বিন্যাস ও সমাবেশ,Hard,3,3,"gemma,qwen,mistral",,"gemma,qwen,mistral",0,0,0,model_labels_only,"All three target models have genuine failures, indicating a hard reasoning problem.",,
114,বিন্যাস ও সমাবেশ,Hard,3,3,"gemma,qwen,mistral",,"gemma,qwen,mistral",0,0,0,model_labels_only,"All three target models have genuine failures, indicating a hard reasoning problem.",,
115,বৃত্ত,Medium,2,3,"gemma,qwen,mistral",qwen,"gemma,mistral",0,0,0,manual_note_plus_labels,"Two target models have genuine failures, so the problem has moderate reasoning difficulty.","Gemma: arc length formula radian formে ব্যবহার করেনি। Qwen: reasoning and calculation ঠিক, final-এ angle বাদ। Mistral: arc length-কে chord length ধরে নিয়েছে।",reasoning and calculation correct; final omits angle
116,ত্রিকোণমিতি,Easy,1,1,mistral,,mistral,1,1,0,model_labels_only,Only one target model has a genuine failure; most models solved the reasoning.,,
117,ত্রিকোণমিতি,Medium,2,2,"gemma,qwen",,"gemma,qwen",0,0,1,model_labels_only,"Two target models have genuine failures, so the problem has moderate reasoning difficulty.",,
118,ত্রিকোণমিতি,Hard,3,3,"gemma,qwen,mistral",,"gemma,qwen,mistral",0,0,0,model_labels_only,"All three target models have genuine failures, indicating a hard reasoning problem.",,
120,ত্রিকোণমিতি,Hard,3,3,"gemma,qwen,mistral",,"gemma,qwen,mistral",0,0,0,model_labels_only,"All three target models have genuine failures, indicating a hard reasoning problem.",,
121,ত্রিকোণমিতি,Hard,3,3,"gemma,qwen,mistral",,"gemma,qwen,mistral",0,0,0,model_labels_only,"All three target models have genuine failures, indicating a hard reasoning problem.",,
122,ত্রিকোণমিতি,Medium,2,2,"gemma,mistral",,"gemma,mistral",0,1,0,model_labels_only,"Two target models have genuine failures, so the problem has moderate reasoning difficulty.",,
123,ত্রিকোণমিতি,Hard,3,3,"gemma,qwen,mistral",,"gemma,qwen,mistral",0,0,0,model_labels_only,"All three target models have genuine failures, indicating a hard reasoning problem.",,
124,ত্রিকোণমিতি,Hard,3,3,"gemma,qwen,mistral",,"gemma,qwen,mistral",0,0,0,model_labels_only,"All three target models have genuine failures, indicating a hard reasoning problem.",,
125,ত্রিকোণমিতি,Hard,3,3,"gemma,qwen,mistral",,"gemma,qwen,mistral",0,0,0,model_labels_only,"All three target models have genuine failures, indicating a hard reasoning problem.",,
126,ত্রিকোণমিতি,Hard,3,3,"gemma,qwen,mistral",,"gemma,qwen,mistral",0,0,0,model_labels_only,"All three target models have genuine failures, indicating a hard reasoning problem.",,
127,ত্রিকোণমিতি,Easy,0,0,,,,1,1,1,model_labels_only,"All three target models solved it, or failures are final-format/non-reasoning only.",,
128,ত্রিকোণমিতি,Medium,2,2,"gemma,mistral",,"gemma,mistral",0,1,0,model_labels_only,"Two target models have genuine failures, so the problem has moderate reasoning difficulty.",,
129,ত্রিকোণমিতি,Hard,3,3,"gemma,qwen,mistral",,"gemma,qwen,mistral",0,0,0,model_labels_only,"All three target models have genuine failures, indicating a hard reasoning problem.",,
130,ত্রিকোণমিতি,Medium,2,2,"gemma,mistral",,"gemma,mistral",0,1,0,model_labels_only,"Two target models have genuine failures, so the problem has moderate reasoning difficulty.",,
131,ত্রিকোণমিতি,Medium,2,2,"gemma,qwen",,"gemma,qwen",0,0,1,model_labels_only,"Two target models have genuine failures, so the problem has moderate reasoning difficulty.",,
132,ত্রিকোণমিতি,Easy,1,1,gemma,,gemma,0,1,1,model_labels_only,Only one target model has a genuine failure; most models solved the reasoning.,,
134,ফাংশন,Easy,0,0,,,,1,1,1,model_labels_only,"All three target models solved it, or failures are final-format/non-reasoning only.",,
135,ফাংশন,Hard,3,3,"gemma,qwen,mistral",,"gemma,qwen,mistral",0,0,0,model_labels_only,"All three target models have genuine failures, indicating a hard reasoning problem.",,
136,ফাংশন,Medium,2,2,"gemma,mistral",,"gemma,mistral",0,1,0,model_labels_only,"Two target models have genuine failures, so the problem has moderate reasoning difficulty.",,
137,ফাংশন,Easy,1,1,qwen,,qwen,1,0,1,model_labels_only,Only one target model has a genuine failure; most models solved the reasoning.,,
138,ফাংশন,Medium,2,2,"gemma,qwen",,"gemma,qwen",0,0,1,model_labels_only,"Two target models have genuine failures, so the problem has moderate reasoning difficulty.",,
139,ফাংশন,Hard,3,3,"gemma,qwen,mistral",,"gemma,qwen,mistral",0,0,0,model_labels_only,"All three target models have genuine failures, indicating a hard reasoning problem.",,
140,ফাংশন,Easy,1,1,mistral,,mistral,1,1,0,model_labels_only,Only one target model has a genuine failure; most models solved the reasoning.,,
142,ফাংশন,Medium,2,2,"qwen,mistral",,"qwen,mistral",1,0,0,model_labels_only,"Two target models have genuine failures, so the problem has moderate reasoning difficulty.",,
144,ফাংশন,Easy,0,0,,,,1,1,1,model_labels_only,"All three target models solved it, or failures are final-format/non-reasoning only.",,
145,ফাংশন,Easy,0,0,,,,1,1,1,model_labels_only,"All three target models solved it, or failures are final-format/non-reasoning only.",,
147,অন্তরীকরণ,Medium,2,2,"gemma,qwen",,"gemma,qwen",0,0,1,model_labels_only,"Two target models have genuine failures, so the problem has moderate reasoning difficulty.",,
148,অন্তরীকরণ,Medium,2,2,"gemma,qwen",,"gemma,qwen",0,0,1,model_labels_only,"Two target models have genuine failures, so the problem has moderate reasoning difficulty.",,
149,অন্তরীকরণ,Easy,0,0,,,,1,1,1,model_labels_only,"All three target models solved it, or failures are final-format/non-reasoning only.",,
150,অন্তরীকরণ,Easy,0,0,,,,1,1,1,model_labels_only,"All three target models solved it, or failures are final-format/non-reasoning only.",,
151,অন্তরীকরণ,Easy,0,0,,,,1,1,1,model_labels_only,"All three target models solved it, or failures are final-format/non-reasoning only.",,
152,অন্তরীকরণ,Easy,1,1,mistral,,mistral,1,1,0,model_labels_only,Only one target model has a genuine failure; most models solved the reasoning.,,
153,অন্তরীকরণ,Hard,3,3,"gemma,qwen,mistral",,"gemma,qwen,mistral",0,0,0,model_labels_only,"All three target models have genuine failures, indicating a hard reasoning problem.",,
154,অন্তরীকরণ,Easy,0,0,,,,1,1,1,model_labels_only,"All three target models solved it, or failures are final-format/non-reasoning only.",,
155,অন্তরীকরণ,Medium,2,2,"gemma,mistral",,"gemma,mistral",0,1,0,model_labels_only,"Two target models have genuine failures, so the problem has moderate reasoning difficulty.",,
156,অন্তরীকরণ,Medium,2,2,"gemma,qwen",,"gemma,qwen",0,0,1,model_labels_only,"Two target models have genuine failures, so the problem has moderate reasoning difficulty.",,
158,অন্তরীকরণ,Hard,3,3,"gemma,qwen,mistral",,"gemma,qwen,mistral",0,0,0,model_labels_only,"All three target models have genuine failures, indicating a hard reasoning problem.",,
159,অন্তরীকরণ,Easy,0,0,,,,1,1,1,model_labels_only,"All three target models solved it, or failures are final-format/non-reasoning only.",,
160,অন্তরীকরণ,Hard,3,3,"gemma,qwen,mistral",,"gemma,qwen,mistral",0,0,0,model_labels_only,"All three target models have genuine failures, indicating a hard reasoning problem.",,
161,অন্তরীকরণ,Easy,0,0,,,,1,1,1,model_labels_only,"All three target models solved it, or failures are final-format/non-reasoning only.",,
162,অন্তরীকরণ,Hard,3,3,"gemma,qwen,mistral",,"gemma,qwen,mistral",0,0,0,model_labels_only,"All three target models have genuine failures, indicating a hard reasoning problem.",,
163,অন্তরীকরণ,Easy,0,0,,,,1,1,1,model_labels_only,"All three target models solved it, or failures are final-format/non-reasoning only.",,
164,অন্তরীকরণ,Medium,2,2,"gemma,qwen",,"gemma,qwen",0,0,1,model_labels_only,"Two target models have genuine failures, so the problem has moderate reasoning difficulty.",,
165,অন্তরীকরণ,Hard,3,3,"gemma,qwen,mistral",,"gemma,qwen,mistral",0,0,0,model_labels_only,"All three target models have genuine failures, indicating a hard reasoning problem.",,
166,অন্তরীকরণ,Medium,2,2,"gemma,qwen",,"gemma,qwen",0,0,1,model_labels_only,"Two target models have genuine failures, so the problem has moderate reasoning difficulty.",,
167,অন্তরীকরণ,Medium,2,2,"gemma,qwen",,"gemma,qwen",0,0,1,model_labels_only,"Two target models have genuine failures, so the problem has moderate reasoning difficulty.",,
168,অন্তরীকরণ,Easy,0,0,,,,1,1,1,model_labels_only,"All three target models solved it, or failures are final-format/non-reasoning only.",,
169,অন্তরীকরণ,Easy,1,1,mistral,,mistral,1,1,0,model_labels_only,Only one target model has a genuine failure; most models solved the reasoning.,,
170,অন্তরীকরণ,Easy,0,0,,,,1,1,1,model_labels_only,"All three target models solved it, or failures are final-format/non-reasoning only.",,
171,অন্তরীকরণ,Easy,0,0,,,,1,1,1,model_labels_only,"All three target models solved it, or failures are final-format/non-reasoning only.",,
172,অন্তরীকরণ,Easy,1,1,mistral,,mistral,1,1,0,model_labels_only,Only one target model has a genuine failure; most models solved the reasoning.,,
173,অন্তরীকরণ,Hard,3,3,"gemma,qwen,mistral",,"gemma,qwen,mistral",0,0,0,model_labels_only,"All three target models have genuine failures, indicating a hard reasoning problem.",,
174,অন্তরীকরণ,Easy,1,1,mistral,,mistral,1,1,0,model_labels_only,Only one target model has a genuine failure; most models solved the reasoning.,,
175,অন্তরীকরণ,Easy,0,0,,,,1,1,1,model_labels_only,"All three target models solved it, or failures are final-format/non-reasoning only.",,
176,অন্তরীকরণ,Easy,0,0,,,,1,1,1,model_labels_only,"All three target models solved it, or failures are final-format/non-reasoning only.",,
177,অন্তরীকরণ,Medium,2,2,"gemma,qwen",,"gemma,qwen",0,0,1,model_labels_only,"Two target models have genuine failures, so the problem has moderate reasoning difficulty.",,
178,অন্তরীকরণ,Hard,3,3,"gemma,qwen,mistral",,"gemma,qwen,mistral",0,0,0,model_labels_only,"All three target models have genuine failures, indicating a hard reasoning problem.",,
179,অন্তরীকরণ,Hard,3,3,"gemma,qwen,mistral",,"gemma,qwen,mistral",0,0,0,model_labels_only,"All three target models have genuine failures, indicating a hard reasoning problem.",,
180,অন্তরীকরণ,Medium,2,2,"gemma,qwen",,"gemma,qwen",0,0,1,model_labels_only,"Two target models have genuine failures, so the problem has moderate reasoning difficulty.",,
181,অন্তরীকরণ,Medium,2,2,"gemma,mistral",,"gemma,mistral",0,1,0,model_labels_only,"Two target models have genuine failures, so the problem has moderate reasoning difficulty.",,
182,অন্তরীকরণ,Easy,0,0,,,,1,1,1,model_labels_only,"All three target models solved it, or failures are final-format/non-reasoning only.",,
183,অন্তরীকরণ,Medium,2,2,"gemma,mistral",,"gemma,mistral",0,1,0,model_labels_only,"Two target models have genuine failures, so the problem has moderate reasoning difficulty.",,
184,অন্তরীকরণ,Easy,1,1,gemma,,gemma,0,1,1,model_labels_only,Only one target model has a genuine failure; most models solved the reasoning.,,
185,অন্তরীকরণ,Hard,3,3,"gemma,qwen,mistral",,"gemma,qwen,mistral",0,0,0,model_labels_only,"All three target models have genuine failures, indicating a hard reasoning problem.",,
186,অন্তরীকরণ,Medium,2,2,"gemma,mistral",,"gemma,mistral",0,1,0,model_labels_only,"Two target models have genuine failures, so the problem has moderate reasoning difficulty.",,
187,অন্তরীকরণ,Easy,0,0,,,,1,1,1,model_labels_only,"All three target models solved it, or failures are final-format/non-reasoning only.",,
188,অন্তরীকরণ,Easy,0,0,,,,1,1,1,model_labels_only,"All three target models solved it, or failures are final-format/non-reasoning only.",,
189,অন্তরীকরণ,Easy,0,0,,,,1,1,1,model_labels_only,"All three target models solved it, or failures are final-format/non-reasoning only.",,
190,অন্তরীকরণ,Easy,0,0,,,,1,1,1,model_labels_only,"All three target models solved it, or failures are final-format/non-reasoning only.",,
191,অন্তরীকরণ,Medium,2,2,"qwen,mistral",,"qwen,mistral",1,0,0,model_labels_only,"Two target models have genuine failures, so the problem has moderate reasoning difficulty.",,
192,অন্তরীকরণ,Easy,1,1,mistral,,mistral,1,1,0,model_labels_only,Only one target model has a genuine failure; most models solved the reasoning.,,
193,অন্তরীকরণ,Easy,0,0,,,,1,1,1,model_labels_only,"All three target models solved it, or failures are final-format/non-reasoning only.",,
194,অন্তরীকরণ,Easy,0,0,,,,1,1,1,model_labels_only,"All three target models solved it, or failures are final-format/non-reasoning only.",,
195,অন্তরীকরণ,Easy,1,1,gemma,,gemma,0,1,1,model_labels_only,Only one target model has a genuine failure; most models solved the reasoning.,,
197,অন্তরীকরণ,Medium,2,2,"gemma,mistral",,"gemma,mistral",0,1,0,model_labels_only,"Two target models have genuine failures, so the problem has moderate reasoning difficulty.",,
198,অন্তরীকরণ,Easy,0,0,,,,1,1,1,model_labels_only,"All three target models solved it, or failures are final-format/non-reasoning only.",,
199,অন্তরীকরণ,Easy,0,0,,,,1,1,1,model_labels_only,"All three target models solved it, or failures are final-format/non-reasoning only.",,
200,অন্তরীকরণ,Easy,0,0,,,,1,1,1,model_labels_only,"All three target models solved it, or failures are final-format/non-reasoning only.",,
201,অন্তরীকরণ,Medium,2,2,"gemma,mistral",,"gemma,mistral",0,1,0,model_labels_only,"Two target models have genuine failures, so the problem has moderate reasoning difficulty.",,
202,অন্তরীকরণ,Hard,3,3,"gemma,qwen,mistral",,"gemma,qwen,mistral",0,0,0,model_labels_only,"All three target models have genuine failures, indicating a hard reasoning problem.",,
203,অন্তরীকরণ,Easy,0,0,,,,1,1,1,model_labels_only,"All three target models solved it, or failures are final-format/non-reasoning only.",,
204,অন্তরীকরণ,Easy,0,0,,,,1,1,1,model_labels_only,"All three target models solved it, or failures are final-format/non-reasoning only.",,
205,অন্তরীকরণ,Hard,3,3,"gemma,qwen,mistral",,"gemma,qwen,mistral",0,0,0,model_labels_only,"All three target models have genuine failures, indicating a hard reasoning problem.",,
206,অন্তরীকরণ,Easy,1,1,mistral,,mistral,1,1,0,model_labels_only,Only one target model has a genuine failure; most models solved the reasoning.,,
207,অন্তরীকরণ,Hard,3,3,"gemma,qwen,mistral",,"gemma,qwen,mistral",0,0,0,model_labels_only,"All three target models have genuine failures, indicating a hard reasoning problem.",,
208,অন্তরীকরণ,Easy,0,0,,,,1,1,1,model_labels_only,"All three target models solved it, or failures are final-format/non-reasoning only.",,
209,অন্তরীকরণ,Easy,0,0,,,,1,1,1,model_labels_only,"All three target models solved it, or failures are final-format/non-reasoning only.",,
210,অন্তরীকরণ,Easy,1,1,mistral,,mistral,1,1,0,model_labels_only,Only one target model has a genuine failure; most models solved the reasoning.,,
211,অন্তরীকরণ,Easy,0,0,,,,1,1,1,model_labels_only,"All three target models solved it, or failures are final-format/non-reasoning only.",,
212,অন্তরীকরণ,Easy,1,1,mistral,,mistral,1,1,0,model_labels_only,Only one target model has a genuine failure; most models solved the reasoning.,,
213,অন্তরীকরণ,Hard,3,3,"gemma,qwen,mistral",,"gemma,qwen,mistral",0,0,0,model_labels_only,"All three target models have genuine failures, indicating a hard reasoning problem.",,
216,অন্তরীকরণ,Hard,3,3,"gemma,qwen,mistral",,"gemma,qwen,mistral",0,0,0,model_labels_only,"All three target models have genuine failures, indicating a hard reasoning problem.",,
217,অন্তরীকরণ,Easy,0,0,,,,1,1,1,model_labels_only,"All three target models solved it, or failures are final-format/non-reasoning only.",,
218,অন্তরীকরণ,Easy,0,0,,,,1,1,1,model_labels_only,"All three target models solved it, or failures are final-format/non-reasoning only.",,
219,অন্তরীকরণ,Medium,2,2,"qwen,mistral",,"qwen,mistral",1,0,0,model_labels_only,"Two target models have genuine failures, so the problem has moderate reasoning difficulty.",,
220,অন্তরীকরণ,Hard,3,3,"gemma,qwen,mistral",,"gemma,qwen,mistral",0,0,0,model_labels_only,"All three target models have genuine failures, indicating a hard reasoning problem.",,
221,অন্তরীকরণ,Hard,3,3,"gemma,qwen,mistral",,"gemma,qwen,mistral",0,0,0,model_labels_only,"All three target models have genuine failures, indicating a hard reasoning problem.",,
222,অন্তরীকরণ,Hard,3,3,"gemma,qwen,mistral",,"gemma,qwen,mistral",0,0,0,model_labels_only,"All three target models have genuine failures, indicating a hard reasoning problem.",,
223,অন্তরীকরণ,Easy,1,1,gemma,,gemma,0,1,1,model_labels_only,Only one target model has a genuine failure; most models solved the reasoning.,,
225,সমাকলন,Hard,3,3,"gemma,qwen,mistral",,"gemma,qwen,mistral",0,0,0,model_labels_only,"All three target models have genuine failures, indicating a hard reasoning problem.",,
226,সমাকলন,Hard,3,3,"gemma,qwen,mistral",,"gemma,qwen,mistral",0,0,0,model_labels_only,"All three target models have genuine failures, indicating a hard reasoning problem.",,
227,সমাকলন,Hard,3,3,"gemma,qwen,mistral",,"gemma,qwen,mistral",0,0,0,model_labels_only,"All three target models have genuine failures, indicating a hard reasoning problem.",,
228,সমাকলন,Easy,1,1,gemma,,gemma,0,1,1,model_labels_only,Only one target model has a genuine failure; most models solved the reasoning.,,
229,সমাকলন,Medium,2,2,"qwen,mistral",,"qwen,mistral",1,0,0,model_labels_only,"Two target models have genuine failures, so the problem has moderate reasoning difficulty.",,
230,সমাকলন,Hard,3,3,"gemma,qwen,mistral",,"gemma,qwen,mistral",0,0,0,model_labels_only,"All three target models have genuine failures, indicating a hard reasoning problem.",,
231,সমাকলন,Hard,3,3,"gemma,qwen,mistral",,"gemma,qwen,mistral",0,0,0,model_labels_only,"All three target models have genuine failures, indicating a hard reasoning problem.",,
232,সমাকলন,Easy,1,1,gemma,,gemma,0,1,1,model_labels_only,Only one target model has a genuine failure; most models solved the reasoning.,,
233,সমাকলন,Easy,0,0,,,,1,1,1,model_labels_only,"All three target models solved it, or failures are final-format/non-reasoning only.",,
234,সমাকলন,Easy,0,0,,,,1,1,1,model_labels_only,"All three target models solved it, or failures are final-format/non-reasoning only.",,
235,সমাকলন,Medium,2,2,"gemma,mistral",,"gemma,mistral",0,1,0,model_labels_only,"Two target models have genuine failures, so the problem has moderate reasoning difficulty.",,
236,সমাকলন,Medium,2,2,"gemma,qwen",,"gemma,qwen",0,0,1,model_labels_only,"Two target models have genuine failures, so the problem has moderate reasoning difficulty.",,
237,সমাকলন,Easy,0,0,,,,1,1,1,model_labels_only,"All three target models solved it, or failures are final-format/non-reasoning only.",,
238,সমাকলন,Medium,2,2,"gemma,mistral",,"gemma,mistral",0,1,0,model_labels_only,"Two target models have genuine failures, so the problem has moderate reasoning difficulty.",,
239,সমাকলন,Hard,3,3,"gemma,qwen,mistral",,"gemma,qwen,mistral",0,0,0,model_labels_only,"All three target models have genuine failures, indicating a hard reasoning problem.",,
240,সমাকলন,Hard,3,3,"gemma,qwen,mistral",,"gemma,qwen,mistral",0,0,0,model_labels_only,"All three target models have genuine failures, indicating a hard reasoning problem.",,
241,সমাকলন,Medium,2,2,"gemma,mistral",,"gemma,mistral",0,1,0,model_labels_only,"Two target models have genuine failures, so the problem has moderate reasoning difficulty.",,
242,সমাকলন,Easy,1,1,mistral,,mistral,1,1,0,model_labels_only,Only one target model has a genuine failure; most models solved the reasoning.,,
243,সমাকলন,Easy,1,1,mistral,,mistral,1,1,0,model_labels_only,Only one target model has a genuine failure; most models solved the reasoning.,,
244,সমাকলন,Hard,3,3,"gemma,qwen,mistral",,"gemma,qwen,mistral",0,0,0,model_labels_only,"All three target models have genuine failures, indicating a hard reasoning problem.",,
245,সমাকলন,Medium,2,2,"gemma,mistral",,"gemma,mistral",0,1,0,model_labels_only,"Two target models have genuine failures, so the problem has moderate reasoning difficulty.",,
246,সমাকলন,Easy,1,1,mistral,,mistral,1,1,0,model_labels_only,Only one target model has a genuine failure; most models solved the reasoning.,,
247,সমাকলন,Hard,3,3,"gemma,qwen,mistral",,"gemma,qwen,mistral",0,0,0,model_labels_only,"All three target models have genuine failures, indicating a hard reasoning problem.",,
248,সমাকলন,Easy,0,0,,,,1,1,1,model_labels_only,"All three target models solved it, or failures are final-format/non-reasoning only.",,
249,সমাকলন,Hard,3,3,"gemma,qwen,mistral",,"gemma,qwen,mistral",0,0,0,model_labels_only,"All three target models have genuine failures, indicating a hard reasoning problem.",,
250,সমাকলন,Easy,0,0,,,,1,1,1,model_labels_only,"All three target models solved it, or failures are final-format/non-reasoning only.",,
251,সমাকলন,Easy,1,1,gemma,,gemma,0,1,1,model_labels_only,Only one target model has a genuine failure; most models solved the reasoning.,,
252,সমাকলন,Hard,3,3,"gemma,qwen,mistral",,"gemma,qwen,mistral",0,0,0,model_labels_only,"All three target models have genuine failures, indicating a hard reasoning problem.",,
253,সমাকলন,Easy,0,0,,,,1,1,1,model_labels_only,"All three target models solved it, or failures are final-format/non-reasoning only.",,
254,সমাকলন,Easy,0,0,,,,1,1,1,model_labels_only,"All three target models solved it, or failures are final-format/non-reasoning only.",,
255,সমাকলন,Medium,2,2,"gemma,mistral",,"gemma,mistral",0,1,0,model_labels_only,"Two target models have genuine failures, so the problem has moderate reasoning difficulty.",,
256,সমাকলন,Hard,3,3,"gemma,qwen,mistral",,"gemma,qwen,mistral",0,0,0,model_labels_only,"All three target models have genuine failures, indicating a hard reasoning problem.",,
257,সমাকলন,Easy,1,1,gemma,,gemma,0,1,1,model_labels_only,Only one target model has a genuine failure; most models solved the reasoning.,,
258,সমাকলন,Hard,3,3,"gemma,qwen,mistral",,"gemma,qwen,mistral",0,0,0,model_labels_only,"All three target models have genuine failures, indicating a hard reasoning problem.",,
259,সমাকলন,Medium,2,2,"gemma,mistral",,"gemma,mistral",0,1,0,model_labels_only,"Two target models have genuine failures, so the problem has moderate reasoning difficulty.",,
260,সমাকলন,Hard,3,3,"gemma,qwen,mistral",,"gemma,qwen,mistral",0,0,0,model_labels_only,"All three target models have genuine failures, indicating a hard reasoning problem.",,
261,সমাকলন,Hard,3,3,"gemma,qwen,mistral",,"gemma,qwen,mistral",0,0,0,model_labels_only,"All three target models have genuine failures, indicating a hard reasoning problem.",,
262,সমাকলন,Hard,3,3,"gemma,qwen,mistral",,"gemma,qwen,mistral",0,0,0,model_labels_only,"All three target models have genuine failures, indicating a hard reasoning problem.",,
263,সমাকলন,Medium,2,2,"qwen,mistral",,"qwen,mistral",1,0,0,model_labels_only,"Two target models have genuine failures, so the problem has moderate reasoning difficulty.",,
264,সমাকলন,Easy,1,1,gemma,,gemma,0,1,1,model_labels_only,Only one target model has a genuine failure; most models solved the reasoning.,,
265,সমাকলন,Easy,1,1,qwen,,qwen,1,0,1,model_labels_only,Only one target model has a genuine failure; most models solved the reasoning.,,
266,সমাকলন,Easy,0,0,,,,1,1,1,model_labels_only,"All three target models solved it, or failures are final-format/non-reasoning only.",,
267,সমাকলন,Easy,0,0,,,,1,1,1,model_labels_only,"All three target models solved it, or failures are final-format/non-reasoning only.",,
268,সমাকলন,Easy,0,0,,,,1,1,1,model_labels_only,"All three target models solved it, or failures are final-format/non-reasoning only.",,
269,সমাকলন,Easy,1,1,qwen,,qwen,1,0,1,model_labels_only,Only one target model has a genuine failure; most models solved the reasoning.,,
270,সমাকলন,Hard,3,3,"gemma,qwen,mistral",,"gemma,qwen,mistral",0,0,0,model_labels_only,"All three target models have genuine failures, indicating a hard reasoning problem.",,
271,সমাকলন,Medium,2,2,"gemma,mistral",,"gemma,mistral",0,1,0,model_labels_only,"Two target models have genuine failures, so the problem has moderate reasoning difficulty.",,
272,সমাকলন,Hard,3,3,"gemma,qwen,mistral",,"gemma,qwen,mistral",0,0,0,model_labels_only,"All three target models have genuine failures, indicating a hard reasoning problem.",,
273,সমাকলন,Medium,2,2,"gemma,mistral",,"gemma,mistral",0,1,0,model_labels_only,"Two target models have genuine failures, so the problem has moderate reasoning difficulty.",,
274,সমাকলন,Hard,3,3,"gemma,qwen,mistral",,"gemma,qwen,mistral",0,0,0,model_labels_only,"All three target models have genuine failures, indicating a hard reasoning problem.",,
275,সমাকলন,Easy,1,1,gemma,,gemma,0,1,1,model_labels_only,Only one target model has a genuine failure; most models solved the reasoning.,,
276,সমাকলন,Easy,1,1,mistral,,mistral,1,1,0,model_labels_only,Only one target model has a genuine failure; most models solved the reasoning.,,
277,সমাকলন,Easy,1,1,gemma,,gemma,0,1,1,model_labels_only,Only one target model has a genuine failure; most models solved the reasoning.,,
278,সমাকলন,Medium,2,2,"gemma,mistral",,"gemma,mistral",0,1,0,model_labels_only,"Two target models have genuine failures, so the problem has moderate reasoning difficulty.",,
279,সমাকলন,Easy,0,0,,,,1,1,1,model_labels_only,"All three target models solved it, or failures are final-format/non-reasoning only.",,
280,সমাকলন,Easy,0,0,,,,1,1,1,model_labels_only,"All three target models solved it, or failures are final-format/non-reasoning only.",,
281,সমাকলন,Easy,0,0,,,,1,1,1,model_labels_only,"All three target models solved it, or failures are final-format/non-reasoning only.",,
282,সমাকলন,Easy,1,1,gemma,,gemma,0,1,1,model_labels_only,Only one target model has a genuine failure; most models solved the reasoning.,,
283,সমাকলন,Medium,2,2,"gemma,mistral",,"gemma,mistral",0,1,0,model_labels_only,"Two target models have genuine failures, so the problem has moderate reasoning difficulty.",,
284,সমাকলন,Medium,2,2,"gemma,mistral",,"gemma,mistral",0,1,0,model_labels_only,"Two target models have genuine failures, so the problem has moderate reasoning difficulty.",,
285,সমাকলন,Medium,2,2,"gemma,mistral",,"gemma,mistral",0,1,0,model_labels_only,"Two target models have genuine failures, so the problem has moderate reasoning difficulty.",,
286,সমাকলন,Hard,3,3,"gemma,qwen,mistral",,"gemma,qwen,mistral",0,0,0,model_labels_only,"All three target models have genuine failures, indicating a hard reasoning problem.",,
287,সমাকলন,Easy,0,0,,,,1,1,1,model_labels_only,"All three target models solved it, or failures are final-format/non-reasoning only.",,
288,সমাকলন,Medium,2,2,"qwen,mistral",,"qwen,mistral",1,0,0,model_labels_only,"Two target models have genuine failures, so the problem has moderate reasoning difficulty.",,
289,সমাকলন,Easy,0,0,,,,1,1,1,model_labels_only,"All three target models solved it, or failures are final-format/non-reasoning only.",,
290,সমাকলন,Easy,1,1,gemma,,gemma,0,1,1,model_labels_only,Only one target model has a genuine failure; most models solved the reasoning.,,
291,সমাকলন,Easy,0,0,,,,1,1,1,model_labels_only,"All three target models solved it, or failures are final-format/non-reasoning only.",,
292,সমাকলন,Easy,0,0,,,,1,1,1,model_labels_only,"All three target models solved it, or failures are final-format/non-reasoning only.",,
293,সমাকলন,Medium,2,2,"gemma,mistral",,"gemma,mistral",0,1,0,model_labels_only,"Two target models have genuine failures, so the problem has moderate reasoning difficulty.",,
294,সমাকলন,Medium,2,2,"gemma,mistral",,"gemma,mistral",0,1,0,model_labels_only,"Two target models have genuine failures, so the problem has moderate reasoning difficulty.",,
295,সমাকলন,Hard,3,3,"gemma,qwen,mistral",,"gemma,qwen,mistral",0,0,0,model_labels_only,"All three target models have genuine failures, indicating a hard reasoning problem.",,
296,সমাকলন,Hard,3,3,"gemma,qwen,mistral",,"gemma,qwen,mistral",0,0,0,model_labels_only,"All three target models have genuine failures, indicating a hard reasoning problem.",,
297,সমাকলন,Hard,3,3,"gemma,qwen,mistral",,"gemma,qwen,mistral",0,0,0,model_labels_only,"All three target models have genuine failures, indicating a hard reasoning problem.",,
298,সমাকলন,Hard,3,3,"gemma,qwen,mistral",,"gemma,qwen,mistral",0,0,0,model_labels_only,"All three target models have genuine failures, indicating a hard reasoning problem.",,
299,সমাকলন,Easy,0,0,,,,1,1,1,model_labels_only,"All three target models solved it, or failures are final-format/non-reasoning only.",,
300,সমাকলন,Hard,3,3,"gemma,qwen,mistral",,"gemma,qwen,mistral",0,0,0,model_labels_only,"All three target models have genuine failures, indicating a hard reasoning problem.",,
301,সমাকলন,Medium,2,2,"gemma,qwen",,"gemma,qwen",0,0,1,model_labels_only,"Two target models have genuine failures, so the problem has moderate reasoning difficulty.",,
302,বাস্তব সংখ্যা ও অসমতা,Hard,3,3,"gemma,qwen,mistral",,"gemma,qwen,mistral",0,0,0,model_labels_only,"All three target models have genuine failures, indicating a hard reasoning problem.",,
303,বাস্তব সংখ্যা ও অসমতা,Easy,0,0,,,,1,1,1,model_labels_only,"All three target models solved it, or failures are final-format/non-reasoning only.",,
304,বাস্তব সংখ্যা ও অসমতা,Hard,3,3,"gemma,qwen,mistral",,"gemma,qwen,mistral",0,0,0,model_labels_only,"All three target models have genuine failures, indicating a hard reasoning problem.",,
305,বাস্তব সংখ্যা ও অসমতা,Easy,0,0,,,,1,1,1,model_labels_only,"All three target models solved it, or failures are final-format/non-reasoning only.",,
306,বাস্তব সংখ্যা ও অসমতা,Hard,3,3,"gemma,qwen,mistral",,"gemma,qwen,mistral",0,0,0,model_labels_only,"All three target models have genuine failures, indicating a hard reasoning problem.",,
307,বাস্তব সংখ্যা ও অসমতা,Hard,3,3,"gemma,qwen,mistral",,"gemma,qwen,mistral",0,0,0,model_labels_only,"All three target models have genuine failures, indicating a hard reasoning problem.",,
308,বাস্তব সংখ্যা ও অসমতা,Easy,0,0,,,,1,1,1,model_labels_only,"All three target models solved it, or failures are final-format/non-reasoning only.",,
309,বাস্তব সংখ্যা ও অসমতা,Easy,1,1,gemma,,gemma,0,1,1,model_labels_only,Only one target model has a genuine failure; most models solved the reasoning.,,
310,বাস্তব সংখ্যা ও অসমতা,Medium,2,2,"gemma,mistral",,"gemma,mistral",0,1,0,model_labels_only,"Two target models have genuine failures, so the problem has moderate reasoning difficulty.",,
311,রৈখিক প্রোগ্রামিং,Hard,3,3,"gemma,qwen,mistral",,"gemma,qwen,mistral",0,0,0,model_labels_only,"All three target models have genuine failures, indicating a hard reasoning problem.",,
312,রৈখিক প্রোগ্রামিং,Easy,1,1,mistral,,mistral,1,1,0,model_labels_only,Only one target model has a genuine failure; most models solved the reasoning.,,
313,রৈখিক প্রোগ্রামিং,Easy,1,1,mistral,,mistral,1,1,0,model_labels_only,Only one target model has a genuine failure; most models solved the reasoning.,,
314,জটিল সংখ্যা,Hard,3,3,"gemma,qwen,mistral",,"gemma,qwen,mistral",0,0,0,model_labels_only,"All three target models have genuine failures, indicating a hard reasoning problem.",,
315,জটিল সংখ্যা,Hard,3,3,"gemma,qwen,mistral",,"gemma,qwen,mistral",0,0,0,model_labels_only,"All three target models have genuine failures, indicating a hard reasoning problem.",,
316,জটিল সংখ্যা,Hard,3,3,"gemma,qwen,mistral",,"gemma,qwen,mistral",0,0,0,model_labels_only,"All three target models have genuine failures, indicating a hard reasoning problem.",,
317,জটিল সংখ্যা,Easy,0,0,,,,1,1,1,model_labels_only,"All three target models solved it, or failures are final-format/non-reasoning only.",,
318,জটিল সংখ্যা,Medium,2,2,"qwen,mistral",,"qwen,mistral",1,0,0,model_labels_only,"Two target models have genuine failures, so the problem has moderate reasoning difficulty.",,
319,জটিল সংখ্যা,Easy,0,0,,,,1,1,1,model_labels_only,"All three target models solved it, or failures are final-format/non-reasoning only.",,
320,জটিল সংখ্যা,Hard,3,3,"gemma,qwen,mistral",,"gemma,qwen,mistral",0,0,0,model_labels_only,"All three target models have genuine failures, indicating a hard reasoning problem.",,
322,জটিল সংখ্যা,Easy,1,1,gemma,,gemma,0,1,1,model_labels_only,Only one target model has a genuine failure; most models solved the reasoning.,,
323,জটিল সংখ্যা,Hard,3,3,"gemma,qwen,mistral",,"gemma,qwen,mistral",0,0,0,model_labels_only,"All three target models have genuine failures, indicating a hard reasoning problem.",,
324,জটিল সংখ্যা,Easy,0,0,,,,1,1,1,model_labels_only,"All three target models solved it, or failures are final-format/non-reasoning only.",,
325,জটিল সংখ্যা,Medium,2,2,"gemma,qwen",,"gemma,qwen",0,0,1,model_labels_only,"Two target models have genuine failures, so the problem has moderate reasoning difficulty.",,
326,জটিল সংখ্যা,Easy,0,0,,,,1,1,1,model_labels_only,"All three target models solved it, or failures are final-format/non-reasoning only.",,
327,জটিল সংখ্যা,Easy,0,0,,,,1,1,1,model_labels_only,"All three target models solved it, or failures are final-format/non-reasoning only.",,
328,জটিল সংখ্যা,Medium,2,2,"gemma,qwen",,"gemma,qwen",0,0,1,model_labels_only,"Two target models have genuine failures, so the problem has moderate reasoning difficulty.",,
329,জটিল সংখ্যা,Hard,3,3,"gemma,qwen,mistral",,"gemma,qwen,mistral",0,0,0,model_labels_only,"All three target models have genuine failures, indicating a hard reasoning problem.",,
330,জটিল সংখ্যা,Hard,3,3,"gemma,qwen,mistral",,"gemma,qwen,mistral",0,0,0,model_labels_only,"All three target models have genuine failures, indicating a hard reasoning problem.",,
331,জটিল সংখ্যা,Hard,3,3,"gemma,qwen,mistral",,"gemma,qwen,mistral",0,0,0,model_labels_only,"All three target models have genuine failures, indicating a hard reasoning problem.",,
332,জটিল সংখ্যা,Medium,2,2,"gemma,mistral",,"gemma,mistral",0,1,0,model_labels_only,"Two target models have genuine failures, so the problem has moderate reasoning difficulty.",,
333,জটিল সংখ্যা,Medium,2,2,"qwen,mistral",,"qwen,mistral",1,0,0,model_labels_only,"Two target models have genuine failures, so the problem has moderate reasoning difficulty.",,
334,বহুপদী ও সমীকরণ,Hard,3,3,"gemma,qwen,mistral",,"gemma,qwen,mistral",0,0,0,model_labels_only,"All three target models have genuine failures, indicating a hard reasoning problem.",,
335,বহুপদী ও সমীকরণ,Easy,0,0,,,,1,1,1,model_labels_only,"All three target models solved it, or failures are final-format/non-reasoning only.",,
336,বহুপদী ও সমীকরণ,Hard,3,3,"gemma,qwen,mistral",,"gemma,qwen,mistral",0,0,0,model_labels_only,"All three target models have genuine failures, indicating a hard reasoning problem.",,
337,বহুপদী ও সমীকরণ,Easy,1,1,gemma,,gemma,0,1,1,model_labels_only,Only one target model has a genuine failure; most models solved the reasoning.,,
338,বহুপদী ও সমীকরণ,Hard,3,3,"gemma,qwen,mistral",,"gemma,qwen,mistral",0,0,0,model_labels_only,"All three target models have genuine failures, indicating a hard reasoning problem.",,
339,বহুপদী ও সমীকরণ,Hard,3,3,"gemma,qwen,mistral",,"gemma,qwen,mistral",0,0,0,model_labels_only,"All three target models have genuine failures, indicating a hard reasoning problem.",,
340,বহুপদী ও সমীকরণ,Easy,1,1,gemma,,gemma,0,1,1,model_labels_only,Only one target model has a genuine failure; most models solved the reasoning.,,
341,বহুপদী ও সমীকরণ,Medium,2,2,"qwen,mistral",,"qwen,mistral",1,0,0,model_labels_only,"Two target models have genuine failures, so the problem has moderate reasoning difficulty.",,
342,বহুপদী ও সমীকরণ,Easy,1,1,qwen,,qwen,1,0,1,model_labels_only,Only one target model has a genuine failure; most models solved the reasoning.,,
343,বহুপদী ও সমীকরণ,Hard,3,3,"gemma,qwen,mistral",,"gemma,qwen,mistral",0,0,0,model_labels_only,"All three target models have genuine failures, indicating a hard reasoning problem.",,
344,বহুপদী ও সমীকরণ,Hard,3,3,"gemma,qwen,mistral",,"gemma,qwen,mistral",0,0,0,model_labels_only,"All three target models have genuine failures, indicating a hard reasoning problem.",,
345,বহুপদী ও সমীকরণ,Medium,2,2,"gemma,mistral",,"gemma,mistral",0,1,0,model_labels_only,"Two target models have genuine failures, so the problem has moderate reasoning difficulty.",,
346,বহুপদী ও সমীকরণ,Medium,2,2,"qwen,mistral",,"qwen,mistral",1,0,0,model_labels_only,"Two target models have genuine failures, so the problem has moderate reasoning difficulty.",,
347,বহুপদী ও সমীকরণ,Easy,0,0,,,,1,1,1,model_labels_only,"All three target models solved it, or failures are final-format/non-reasoning only.",,
348,বহুপদী ও সমীকরণ,Hard,3,3,"gemma,qwen,mistral",,"gemma,qwen,mistral",0,0,0,model_labels_only,"All three target models have genuine failures, indicating a hard reasoning problem.",,
349,বহুপদী ও সমীকরণ,Medium,2,2,"qwen,mistral",,"qwen,mistral",1,0,0,model_labels_only,"Two target models have genuine failures, so the problem has moderate reasoning difficulty.",,
350,বহুপদী ও সমীকরণ,Medium,2,2,"gemma,mistral",,"gemma,mistral",0,1,0,model_labels_only,"Two target models have genuine failures, so the problem has moderate reasoning difficulty.",,
351,বহুপদী ও সমীকরণ,Easy,1,1,gemma,,gemma,0,1,1,model_labels_only,Only one target model has a genuine failure; most models solved the reasoning.,,
352,বহুপদী ও সমীকরণ,Medium,2,2,"gemma,qwen",,"gemma,qwen",0,0,1,model_labels_only,"Two target models have genuine failures, so the problem has moderate reasoning difficulty.",,
353,বহুপদী ও সমীকরণ,Easy,1,1,gemma,,gemma,0,1,1,model_labels_only,Only one target model has a genuine failure; most models solved the reasoning.,,
354,বহুপদী ও সমীকরণ,Medium,2,2,"gemma,mistral",,"gemma,mistral",0,1,0,model_labels_only,"Two target models have genuine failures, so the problem has moderate reasoning difficulty.",,
355,বহুপদী ও সমীকরণ,Easy,1,1,qwen,,qwen,1,0,1,model_labels_only,Only one target model has a genuine failure; most models solved the reasoning.,,
356,দ্বিপদী বিস্তৃতি,Hard,3,3,"gemma,qwen,mistral",,"gemma,qwen,mistral",0,0,0,model_labels_only,"All three target models have genuine failures, indicating a hard reasoning problem.",,
357,দ্বিপদী বিস্তৃতি,Hard,3,3,"gemma,qwen,mistral",,"gemma,qwen,mistral",0,0,0,model_labels_only,"All three target models have genuine failures, indicating a hard reasoning problem.",,
358,দ্বিপদী বিস্তৃতি,Easy,1,1,gemma,,gemma,0,1,1,model_labels_only,Only one target model has a genuine failure; most models solved the reasoning.,,
359,দ্বিপদী বিস্তৃতি,Hard,3,3,"gemma,qwen,mistral",,"gemma,qwen,mistral",0,0,0,model_labels_only,"All three target models have genuine failures, indicating a hard reasoning problem.",,
360,দ্বিপদী বিস্তৃতি,Hard,3,3,"gemma,qwen,mistral",,"gemma,qwen,mistral",0,0,0,model_labels_only,"All three target models have genuine failures, indicating a hard reasoning problem.",,
361,দ্বিপদী বিস্তৃতি,Hard,3,3,"gemma,qwen,mistral",,"gemma,qwen,mistral",0,0,0,model_labels_only,"All three target models have genuine failures, indicating a hard reasoning problem.",,
362,দ্বিপদী বিস্তৃতি,Hard,3,3,"gemma,qwen,mistral",,"gemma,qwen,mistral",0,0,0,model_labels_only,"All three target models have genuine failures, indicating a hard reasoning problem.",,
363,দ্বিপদী বিস্তৃতি,Medium,2,2,"gemma,mistral",,"gemma,mistral",0,1,0,model_labels_only,"Two target models have genuine failures, so the problem has moderate reasoning difficulty.",,
364,দ্বিপদী বিস্তৃতি,Hard,3,3,"gemma,qwen,mistral",,"gemma,qwen,mistral",0,0,0,model_labels_only,"All three target models have genuine failures, indicating a hard reasoning problem.",,
365,দ্বিপদী বিস্তৃতি,Easy,1,1,gemma,,gemma,0,1,1,model_labels_only,Only one target model has a genuine failure; most models solved the reasoning.,,
366,দ্বিপদী বিস্তৃতি,Hard,3,3,"gemma,qwen,mistral",,"gemma,qwen,mistral",0,0,0,model_labels_only,"All three target models have genuine failures, indicating a hard reasoning problem.",,
367,দ্বিপদী বিস্তৃতি,Easy,1,1,mistral,,mistral,1,1,0,model_labels_only,Only one target model has a genuine failure; most models solved the reasoning.,,
368,দ্বিপদী বিস্তৃতি,Hard,3,3,"gemma,qwen,mistral",,"gemma,qwen,mistral",0,0,0,model_labels_only,"All three target models have genuine failures, indicating a hard reasoning problem.",,
369,দ্বিপদী বিস্তৃতি,Easy,1,1,mistral,,mistral,1,1,0,model_labels_only,Only one target model has a genuine failure; most models solved the reasoning.,,
370,দ্বিপদী বিস্তৃতি,Easy,1,1,gemma,,gemma,0,1,1,model_labels_only,Only one target model has a genuine failure; most models solved the reasoning.,,
371,দ্বিপদী বিস্তৃতি,Easy,1,1,gemma,,gemma,0,1,1,model_labels_only,Only one target model has a genuine failure; most models solved the reasoning.,,
372,দ্বিপদী বিস্তৃতি,Medium,2,2,"qwen,mistral",,"qwen,mistral",1,0,0,model_labels_only,"Two target models have genuine failures, so the problem has moderate reasoning difficulty.",,
373,দ্বিপদী বিস্তৃতি,Hard,3,3,"gemma,qwen,mistral",,"gemma,qwen,mistral",0,0,0,model_labels_only,"All three target models have genuine failures, indicating a hard reasoning problem.",,
375,দ্বিপদী বিস্তৃতি,Hard,3,3,"gemma,qwen,mistral",,"gemma,qwen,mistral",0,0,0,model_labels_only,"All three target models have genuine failures, indicating a hard reasoning problem.",,
376,দ্বিপদী বিস্তৃতি,Hard,3,3,"gemma,qwen,mistral",,"gemma,qwen,mistral",0,0,0,model_labels_only,"All three target models have genuine failures, indicating a hard reasoning problem.",,
377,কণিক,Hard,3,3,"gemma,qwen,mistral",,"gemma,qwen,mistral",0,0,0,model_labels_only,"All three target models have genuine failures, indicating a hard reasoning problem.",,
378,কণিক,Hard,3,3,"gemma,qwen,mistral",,"gemma,qwen,mistral",0,0,0,model_labels_only,"All three target models have genuine failures, indicating a hard reasoning problem.",,
379,কণিক,Hard,3,3,"gemma,qwen,mistral",,"gemma,qwen,mistral",0,0,0,model_labels_only,"All three target models have genuine failures, indicating a hard reasoning problem.",,
380,অন্তরীকরণ,Easy,1,1,mistral,,mistral,1,1,0,model_labels_only,Only one target model has a genuine failure; most models solved the reasoning.,,
381,কণিক,Easy,1,1,mistral,,mistral,1,1,0,model_labels_only,Only one target model has a genuine failure; most models solved the reasoning.,,
382,কণিক,Hard,3,3,"gemma,qwen,mistral",,"gemma,qwen,mistral",0,0,0,model_labels_only,"All three target models have genuine failures, indicating a hard reasoning problem.",,
383,কণিক,Hard,3,3,"gemma,qwen,mistral",,"gemma,qwen,mistral",0,0,0,model_labels_only,"All three target models have genuine failures, indicating a hard reasoning problem.",,
384,সমাকলন,Hard,3,3,"gemma,qwen,mistral",,"gemma,qwen,mistral",0,0,0,model_labels_only,"All three target models have genuine failures, indicating a hard reasoning problem.",,
385,কণিক,Hard,3,3,"gemma,qwen,mistral",,"gemma,qwen,mistral",0,0,0,model_labels_only,"All three target models have genuine failures, indicating a hard reasoning problem.",,
386,কণিক,Hard,3,3,"gemma,qwen,mistral",,"gemma,qwen,mistral",0,0,0,model_labels_only,"All three target models have genuine failures, indicating a hard reasoning problem.",,
387,কণিক,Medium,2,2,"gemma,mistral",,"gemma,mistral",0,1,0,model_labels_only,"Two target models have genuine failures, so the problem has moderate reasoning difficulty.",,
388,কণিক,Hard,3,3,"gemma,qwen,mistral",,"gemma,qwen,mistral",0,0,0,model_labels_only,"All three target models have genuine failures, indicating a hard reasoning problem.",,
389,কণিক,Medium,2,2,"gemma,mistral",,"gemma,mistral",0,1,0,model_labels_only,"Two target models have genuine failures, so the problem has moderate reasoning difficulty.",,
390,কণিক,Medium,2,2,"gemma,mistral",,"gemma,mistral",0,1,0,model_labels_only,"Two target models have genuine failures, so the problem has moderate reasoning difficulty.",,
391,কণিক,Hard,3,3,"gemma,qwen,mistral",,"gemma,qwen,mistral",0,0,0,model_labels_only,"All three target models have genuine failures, indicating a hard reasoning problem.",,
392,কণিক,Hard,3,3,"gemma,qwen,mistral",,"gemma,qwen,mistral",0,0,0,model_labels_only,"All three target models have genuine failures, indicating a hard reasoning problem.",,
393,কণিক,Hard,3,3,"gemma,qwen,mistral",,"gemma,qwen,mistral",0,0,0,model_labels_only,"All three target models have genuine failures, indicating a hard reasoning problem.",,
394,কণিক,Hard,3,3,"gemma,qwen,mistral",,"gemma,qwen,mistral",0,0,0,model_labels_only,"All three target models have genuine failures, indicating a hard reasoning problem.",,
395,কণিক,Medium,2,2,"gemma,mistral",,"gemma,mistral",0,1,0,model_labels_only,"Two target models have genuine failures, so the problem has moderate reasoning difficulty.",,
396,কণিক,Hard,3,3,"gemma,qwen,mistral",,"gemma,qwen,mistral",0,0,0,model_labels_only,"All three target models have genuine failures, indicating a hard reasoning problem.",,
397,কণিক,Hard,3,3,"gemma,qwen,mistral",,"gemma,qwen,mistral",0,0,0,model_labels_only,"All three target models have genuine failures, indicating a hard reasoning problem.",,
398,কণিক,Hard,3,3,"gemma,qwen,mistral",,"gemma,qwen,mistral",0,0,0,model_labels_only,"All three target models have genuine failures, indicating a hard reasoning problem.",,
399,কণিক,Hard,3,3,"gemma,qwen,mistral",,"gemma,qwen,mistral",0,0,0,model_labels_only,"All three target models have genuine failures, indicating a hard reasoning problem.",,
400,কণিক,Easy,1,1,gemma,,gemma,0,1,1,model_labels_only,Only one target model has a genuine failure; most models solved the reasoning.,,
401,কণিক,Hard,3,3,"gemma,qwen,mistral",,"gemma,qwen,mistral",0,0,0,model_labels_only,"All three target models have genuine failures, indicating a hard reasoning problem.",,
402,কণিক,Hard,3,3,"gemma,qwen,mistral",,"gemma,qwen,mistral",0,0,0,model_labels_only,"All three target models have genuine failures, indicating a hard reasoning problem.",,
403,কণিক,Easy,1,1,gemma,,gemma,0,1,1,model_labels_only,Only one target model has a genuine failure; most models solved the reasoning.,,
404,কণিক,Hard,3,3,"gemma,qwen,mistral",,"gemma,qwen,mistral",0,0,0,model_labels_only,"All three target models have genuine failures, indicating a hard reasoning problem.",,
405,কণিক,Medium,2,2,"gemma,mistral",,"gemma,mistral",0,1,0,model_labels_only,"Two target models have genuine failures, so the problem has moderate reasoning difficulty.",,
406,কণিক,Hard,3,3,"gemma,qwen,mistral",,"gemma,qwen,mistral",0,0,0,model_labels_only,"All three target models have genuine failures, indicating a hard reasoning problem.",,
407,কণিক,Hard,3,3,"gemma,qwen,mistral",,"gemma,qwen,mistral",0,0,0,model_labels_only,"All three target models have genuine failures, indicating a hard reasoning problem.",,
408,কণিক,Medium,2,2,"gemma,mistral",,"gemma,mistral",0,1,0,model_labels_only,"Two target models have genuine failures, so the problem has moderate reasoning difficulty.",,
409,কণিক,Hard,3,3,"gemma,qwen,mistral",,"gemma,qwen,mistral",0,0,0,model_labels_only,"All three target models have genuine failures, indicating a hard reasoning problem.",,
410,কণিক,Hard,3,3,"gemma,qwen,mistral",,"gemma,qwen,mistral",0,0,0,model_labels_only,"All three target models have genuine failures, indicating a hard reasoning problem.",,
411,কণিক,Hard,3,3,"gemma,qwen,mistral",,"gemma,qwen,mistral",0,0,0,model_labels_only,"All three target models have genuine failures, indicating a hard reasoning problem.",,
412,কণিক,Easy,0,0,,,,1,1,1,model_labels_only,"All three target models solved it, or failures are final-format/non-reasoning only.",,
413,কণিক,Hard,3,3,"gemma,qwen,mistral",,"gemma,qwen,mistral",0,0,0,model_labels_only,"All three target models have genuine failures, indicating a hard reasoning problem.",,
414,কণিক,Hard,3,3,"gemma,qwen,mistral",,"gemma,qwen,mistral",0,0,0,model_labels_only,"All three target models have genuine failures, indicating a hard reasoning problem.",,
415,কণিক,Hard,3,3,"gemma,qwen,mistral",,"gemma,qwen,mistral",0,0,0,model_labels_only,"All three target models have genuine failures, indicating a hard reasoning problem.",,
416,ত্রিকোণমিতি,Easy,1,1,mistral,,mistral,1,1,0,model_labels_only,Only one target model has a genuine failure; most models solved the reasoning.,,
418,ত্রিকোণমিতি,Hard,3,3,"gemma,qwen,mistral",,"gemma,qwen,mistral",0,0,0,model_labels_only,"All three target models have genuine failures, indicating a hard reasoning problem.",,
419,ত্রিকোণমিতি,Hard,3,3,"gemma,qwen,mistral",,"gemma,qwen,mistral",0,0,0,model_labels_only,"All three target models have genuine failures, indicating a hard reasoning problem.",,
420,ত্রিকোণমিতি,Hard,3,3,"gemma,qwen,mistral",,"gemma,qwen,mistral",0,0,0,model_labels_only,"All three target models have genuine failures, indicating a hard reasoning problem.",,
421,ত্রিকোণমিতি,Easy,1,1,qwen,,qwen,1,0,1,model_labels_only,Only one target model has a genuine failure; most models solved the reasoning.,,
422,ত্রিকোণমিতি,Hard,3,3,"gemma,qwen,mistral",,"gemma,qwen,mistral",0,0,0,model_labels_only,"All three target models have genuine failures, indicating a hard reasoning problem.",,
423,ত্রিকোণমিতি,Medium,2,2,"gemma,qwen",,"gemma,qwen",0,0,1,model_labels_only,"Two target models have genuine failures, so the problem has moderate reasoning difficulty.",,
424,ত্রিকোণমিতি,Easy,1,1,mistral,,mistral,1,1,0,model_labels_only,Only one target model has a genuine failure; most models solved the reasoning.,,
425,ত্রিকোণমিতি,Medium,2,2,"qwen,mistral",,"qwen,mistral",1,0,0,model_labels_only,"Two target models have genuine failures, so the problem has moderate reasoning difficulty.",,
426,ত্রিকোণমিতি,Hard,3,3,"gemma,qwen,mistral",,"gemma,qwen,mistral",0,0,0,model_labels_only,"All three target models have genuine failures, indicating a hard reasoning problem.",,
427,ত্রিকোণমিতি,Medium,2,2,"gemma,qwen",,"gemma,qwen",0,0,1,model_labels_only,"Two target models have genuine failures, so the problem has moderate reasoning difficulty.",,
428,ত্রিকোণমিতি,Easy,0,0,,,,1,1,1,model_labels_only,"All three target models solved it, or failures are final-format/non-reasoning only.",,
429,ত্রিকোণমিতি,Easy,0,0,,,,1,1,1,model_labels_only,"All three target models solved it, or failures are final-format/non-reasoning only.",,
430,ত্রিকোণমিতি,Easy,0,0,,,,1,1,1,model_labels_only,"All three target models solved it, or failures are final-format/non-reasoning only.",,
431,ত্রিকোণমিতি,Easy,1,1,gemma,,gemma,0,1,1,model_labels_only,Only one target model has a genuine failure; most models solved the reasoning.,,
432,ত্রিকোণমিতি,Easy,0,0,,,,1,1,1,model_labels_only,"All three target models solved it, or failures are final-format/non-reasoning only.",,
433,ত্রিকোণমিতি,Hard,3,3,"gemma,qwen,mistral",,"gemma,qwen,mistral",0,0,0,model_labels_only,"All three target models have genuine failures, indicating a hard reasoning problem.",,
434,ত্রিকোণমিতি,Medium,2,2,"qwen,mistral",,"qwen,mistral",1,0,0,model_labels_only,"Two target models have genuine failures, so the problem has moderate reasoning difficulty.",,
435,ত্রিকোণমিতি,Hard,3,3,"gemma,qwen,mistral",,"gemma,qwen,mistral",0,0,0,model_labels_only,"All three target models have genuine failures, indicating a hard reasoning problem.",,
436,ত্রিকোণমিতি,Hard,3,3,"gemma,qwen,mistral",,"gemma,qwen,mistral",0,0,0,model_labels_only,"All three target models have genuine failures, indicating a hard reasoning problem.",,
437,ত্রিকোণমিতি,Hard,3,3,"gemma,qwen,mistral",,"gemma,qwen,mistral",0,0,0,model_labels_only,"All three target models have genuine failures, indicating a hard reasoning problem.",,
438,ত্রিকোণমিতি,Easy,0,0,,,,1,1,1,model_labels_only,"All three target models solved it, or failures are final-format/non-reasoning only.",,
439,ত্রিকোণমিতি,Hard,3,3,"gemma,qwen,mistral",,"gemma,qwen,mistral",0,0,0,model_labels_only,"All three target models have genuine failures, indicating a hard reasoning problem.",,
440,ত্রিকোণমিতি,Easy,0,0,,,,1,1,1,model_labels_only,"All three target models solved it, or failures are final-format/non-reasoning only.",,
441,ত্রিকোণমিতি,Easy,1,1,gemma,,gemma,0,1,1,model_labels_only,Only one target model has a genuine failure; most models solved the reasoning.,,
442,স্থিতিবিদ্যা,Hard,3,3,"gemma,qwen,mistral",,"gemma,qwen,mistral",0,0,0,model_labels_only,"All three target models have genuine failures, indicating a hard reasoning problem.",,
443,স্থিতিবিদ্যা,Hard,3,3,"gemma,qwen,mistral",,"gemma,qwen,mistral",0,0,0,model_labels_only,"All three target models have genuine failures, indicating a hard reasoning problem.",,
444,স্থিতিবিদ্যা,Hard,3,3,"gemma,qwen,mistral",,"gemma,qwen,mistral",0,0,0,model_labels_only,"All three target models have genuine failures, indicating a hard reasoning problem.",,
445,স্থিতিবিদ্যা,Hard,3,3,"gemma,qwen,mistral",,"gemma,qwen,mistral",0,0,0,model_labels_only,"All three target models have genuine failures, indicating a hard reasoning problem.",,
446,স্থিতিবিদ্যা,Medium,2,2,"gemma,mistral",,"gemma,mistral",0,1,0,model_labels_only,"Two target models have genuine failures, so the problem has moderate reasoning difficulty.",,
447,স্থিতিবিদ্যা,Hard,3,3,"gemma,qwen,mistral",,"gemma,qwen,mistral",0,0,0,model_labels_only,"All three target models have genuine failures, indicating a hard reasoning problem.",,
448,স্থিতিবিদ্যা,Hard,3,3,"gemma,qwen,mistral",,"gemma,qwen,mistral",0,0,0,model_labels_only,"All three target models have genuine failures, indicating a hard reasoning problem.",,
449,স্থিতিবিদ্যা,Hard,3,3,"gemma,qwen,mistral",,"gemma,qwen,mistral",0,0,0,model_labels_only,"All three target models have genuine failures, indicating a hard reasoning problem.",,
450,স্থিতিবিদ্যা,Hard,3,3,"gemma,qwen,mistral",,"gemma,qwen,mistral",0,0,0,model_labels_only,"All three target models have genuine failures, indicating a hard reasoning problem.",,
451,স্থিতিবিদ্যা,Hard,3,3,"gemma,qwen,mistral",,"gemma,qwen,mistral",0,0,0,model_labels_only,"All three target models have genuine failures, indicating a hard reasoning problem.",,
452,স্থিতিবিদ্যা,Hard,3,3,"gemma,qwen,mistral",,"gemma,qwen,mistral",0,0,0,model_labels_only,"All three target models have genuine failures, indicating a hard reasoning problem.",,
453,স্থিতিবিদ্যা,Hard,3,3,"gemma,qwen,mistral",,"gemma,qwen,mistral",0,0,0,model_labels_only,"All three target models have genuine failures, indicating a hard reasoning problem.",,
454,স্থিতিবিদ্যা,Easy,0,0,,,,1,1,1,model_labels_only,"All three target models solved it, or failures are final-format/non-reasoning only.",,
455,স্থিতিবিদ্যা,Easy,1,1,gemma,,gemma,0,1,1,model_labels_only,Only one target model has a genuine failure; most models solved the reasoning.,,
456,স্থিতিবিদ্যা,Hard,3,3,"gemma,qwen,mistral",,"gemma,qwen,mistral",0,0,0,model_labels_only,"All three target models have genuine failures, indicating a hard reasoning problem.",,
457,স্থিতিবিদ্যা,Hard,3,3,"gemma,qwen,mistral",,"gemma,qwen,mistral",0,0,0,model_labels_only,"All three target models have genuine failures, indicating a hard reasoning problem.",,
458,স্থিতিবিদ্যা,Hard,3,3,"gemma,qwen,mistral",,"gemma,qwen,mistral",0,0,0,model_labels_only,"All three target models have genuine failures, indicating a hard reasoning problem.",,
459,স্থিতিবিদ্যা,Hard,3,3,"gemma,qwen,mistral",,"gemma,qwen,mistral",0,0,0,model_labels_only,"All three target models have genuine failures, indicating a hard reasoning problem.",,
460,স্থিতিবিদ্যা,Medium,2,2,"gemma,qwen",,"gemma,qwen",0,0,1,model_labels_only,"Two target models have genuine failures, so the problem has moderate reasoning difficulty.",,
461,স্থিতিবিদ্যা,Hard,3,3,"gemma,qwen,mistral",,"gemma,qwen,mistral",0,0,0,model_labels_only,"All three target models have genuine failures, indicating a hard reasoning problem.",,
462,স্থিতিবিদ্যা,Hard,3,3,"gemma,qwen,mistral",,"gemma,qwen,mistral",0,0,0,model_labels_only,"All three target models have genuine failures, indicating a hard reasoning problem.",,
463,স্থিতিবিদ্যা,Hard,3,3,"gemma,qwen,mistral",,"gemma,qwen,mistral",0,0,0,model_labels_only,"All three target models have genuine failures, indicating a hard reasoning problem.",,
464,স্থিতিবিদ্যা,Hard,3,3,"gemma,qwen,mistral",,"gemma,qwen,mistral",0,0,0,model_labels_only,"All three target models have genuine failures, indicating a hard reasoning problem.",,
465,স্থিতিবিদ্যা,Hard,3,3,"gemma,qwen,mistral",,"gemma,qwen,mistral",0,0,0,model_labels_only,"All three target models have genuine failures, indicating a hard reasoning problem.",,
466,স্থিতিবিদ্যা,Medium,2,2,"gemma,qwen",,"gemma,qwen",0,0,1,model_labels_only,"Two target models have genuine failures, so the problem has moderate reasoning difficulty.",,
467,স্থিতিবিদ্যা,Hard,3,3,"gemma,qwen,mistral",,"gemma,qwen,mistral",0,0,0,model_labels_only,"All three target models have genuine failures, indicating a hard reasoning problem.",,
468,স্থিতিবিদ্যা,Hard,3,3,"gemma,qwen,mistral",,"gemma,qwen,mistral",0,0,0,model_labels_only,"All three target models have genuine failures, indicating a hard reasoning problem.",,
469,স্থিতিবিদ্যা,Hard,3,3,"gemma,qwen,mistral",,"gemma,qwen,mistral",0,0,0,model_labels_only,"All three target models have genuine failures, indicating a hard reasoning problem.",,
470,স্থিতিবিদ্যা,Hard,3,3,"gemma,qwen,mistral",,"gemma,qwen,mistral",0,0,0,model_labels_only,"All three target models have genuine failures, indicating a hard reasoning problem.",,
471,স্থিতিবিদ্যা,Hard,3,3,"gemma,qwen,mistral",,"gemma,qwen,mistral",0,0,0,model_labels_only,"All three target models have genuine failures, indicating a hard reasoning problem.",,
472,স্থিতিবিদ্যা,Hard,3,3,"gemma,qwen,mistral",,"gemma,qwen,mistral",0,0,0,model_labels_only,"All three target models have genuine failures, indicating a hard reasoning problem.",,
473,স্থিতিবিদ্যা,Hard,3,3,"gemma,qwen,mistral",,"gemma,qwen,mistral",0,0,0,model_labels_only,"All three target models have genuine failures, indicating a hard reasoning problem.",,
474,স্থিতিবিদ্যা,Hard,3,3,"gemma,qwen,mistral",,"gemma,qwen,mistral",0,0,0,model_labels_only,"All three target models have genuine failures, indicating a hard reasoning problem.",,
475,স্থিতিবিদ্যা,Medium,2,2,"gemma,qwen",,"gemma,qwen",0,0,1,model_labels_only,"Two target models have genuine failures, so the problem has moderate reasoning difficulty.",,
476,গতিবিদ্যা,Hard,3,3,"gemma,qwen,mistral",,"gemma,qwen,mistral",0,0,0,model_labels_only,"All three target models have genuine failures, indicating a hard reasoning problem.",,
477,গতিবিদ্যা,Hard,3,3,"gemma,qwen,mistral",,"gemma,qwen,mistral",0,0,0,model_labels_only,"All three target models have genuine failures, indicating a hard reasoning problem.",,
478,গতিবিদ্যা,Medium,2,2,"gemma,mistral",,"gemma,mistral",0,1,0,model_labels_only,"Two target models have genuine failures, so the problem has moderate reasoning difficulty.",,
479,গতিবিদ্যা,Hard,3,3,"gemma,qwen,mistral",,"gemma,qwen,mistral",0,0,0,model_labels_only,"All three target models have genuine failures, indicating a hard reasoning problem.",,
480,গতিবিদ্যা,Easy,1,1,gemma,,gemma,0,1,1,model_labels_only,Only one target model has a genuine failure; most models solved the reasoning.,,
481,গতিবিদ্যা,Hard,3,3,"gemma,qwen,mistral",,"gemma,qwen,mistral",0,0,0,model_labels_only,"All three target models have genuine failures, indicating a hard reasoning problem.",,
482,ভেক্টর,Hard,3,3,"gemma,qwen,mistral",,"gemma,qwen,mistral",0,0,0,model_labels_only,"All three target models have genuine failures, indicating a hard reasoning problem.",,
483,গতিবিদ্যা,Hard,3,3,"gemma,qwen,mistral",,"gemma,qwen,mistral",0,0,0,model_labels_only,"All three target models have genuine failures, indicating a hard reasoning problem.",,
484,গতিবিদ্যা,Hard,3,3,"gemma,qwen,mistral",,"gemma,qwen,mistral",0,0,0,model_labels_only,"All three target models have genuine failures, indicating a hard reasoning problem.",,
485,গতিবিদ্যা,Medium,2,2,"gemma,qwen",,"gemma,qwen",0,0,1,model_labels_only,"Two target models have genuine failures, so the problem has moderate reasoning difficulty.",,
486,গতিবিদ্যা,Easy,1,1,gemma,,gemma,0,1,1,model_labels_only,Only one target model has a genuine failure; most models solved the reasoning.,,
487,গতিবিদ্যা,Medium,2,2,"gemma,qwen",,"gemma,qwen",0,0,1,model_labels_only,"Two target models have genuine failures, so the problem has moderate reasoning difficulty.",,
488,গতিবিদ্যা,Hard,3,3,"gemma,qwen,mistral",,"gemma,qwen,mistral",0,0,0,model_labels_only,"All three target models have genuine failures, indicating a hard reasoning problem.",,
490,গতিবিদ্যা,Hard,3,3,"gemma,qwen,mistral",,"gemma,qwen,mistral",0,0,0,model_labels_only,"All three target models have genuine failures, indicating a hard reasoning problem.",,
491,গতিবিদ্যা,Hard,3,3,"gemma,qwen,mistral",,"gemma,qwen,mistral",0,0,0,model_labels_only,"All three target models have genuine failures, indicating a hard reasoning problem.",,
492,গতিবিদ্যা,Easy,1,1,gemma,,gemma,0,1,1,model_labels_only,Only one target model has a genuine failure; most models solved the reasoning.,,
493,গতিবিদ্যা,Hard,3,3,"gemma,qwen,mistral",,"gemma,qwen,mistral",0,0,0,model_labels_only,"All three target models have genuine failures, indicating a hard reasoning problem.",,
494,গতিবিদ্যা,Hard,3,3,"gemma,qwen,mistral",,"gemma,qwen,mistral",0,0,0,model_labels_only,"All three target models have genuine failures, indicating a hard reasoning problem.",,
495,গতিবিদ্যা,Medium,2,2,"gemma,qwen",,"gemma,qwen",0,0,1,model_labels_only,"Two target models have genuine failures, so the problem has moderate reasoning difficulty.",,
496,গতিবিদ্যা,Hard,3,3,"gemma,qwen,mistral",,"gemma,qwen,mistral",0,0,0,model_labels_only,"All three target models have genuine failures, indicating a hard reasoning problem.",,
497,গতিবিদ্যা,Medium,2,2,"gemma,qwen",,"gemma,qwen",0,0,1,model_labels_only,"Two target models have genuine failures, so the problem has moderate reasoning difficulty.",,
498,গতিবিদ্যা,Hard,3,3,"gemma,qwen,mistral",,"gemma,qwen,mistral",0,0,0,model_labels_only,"All three target models have genuine failures, indicating a hard reasoning problem.",,
499,গতিবিদ্যা,Hard,3,3,"gemma,qwen,mistral",,"gemma,qwen,mistral",0,0,0,model_labels_only,"All three target models have genuine failures, indicating a hard reasoning problem.",,
500,গতিবিদ্যা,Hard,3,3,"gemma,qwen,mistral",,"gemma,qwen,mistral",0,0,0,model_labels_only,"All three target models have genuine failures, indicating a hard reasoning problem.",,
501,গতিবিদ্যা,Hard,3,3,"gemma,qwen,mistral",,"gemma,qwen,mistral",0,0,0,model_labels_only,"All three target models have genuine failures, indicating a hard reasoning problem.",,
502,গতিবিদ্যা,Hard,3,3,"gemma,qwen,mistral",,"gemma,qwen,mistral",0,0,0,model_labels_only,"All three target models have genuine failures, indicating a hard reasoning problem.",,
503,গতিবিদ্যা,Hard,3,3,"gemma,qwen,mistral",,"gemma,qwen,mistral",0,0,0,model_labels_only,"All three target models have genuine failures, indicating a hard reasoning problem.",,
504,গতিবিদ্যা,Hard,3,3,"gemma,qwen,mistral",,"gemma,qwen,mistral",0,0,0,model_labels_only,"All three target models have genuine failures, indicating a hard reasoning problem.",,
505,গতিবিদ্যা,Easy,1,1,gemma,,gemma,0,1,1,model_labels_only,Only one target model has a genuine failure; most models solved the reasoning.,,
506,গতিবিদ্যা,Medium,2,2,"gemma,qwen",,"gemma,qwen",0,0,1,model_labels_only,"Two target models have genuine failures, so the problem has moderate reasoning difficulty.",,
507,গতিবিদ্যা,Hard,3,3,"gemma,qwen,mistral",,"gemma,qwen,mistral",0,0,0,model_labels_only,"All three target models have genuine failures, indicating a hard reasoning problem.",,
508,গতিবিদ্যা,Hard,3,3,"gemma,qwen,mistral",,"gemma,qwen,mistral",0,0,0,model_labels_only,"All three target models have genuine failures, indicating a hard reasoning problem.",,
509,গতিবিদ্যা,Hard,3,3,"gemma,qwen,mistral",,"gemma,qwen,mistral",0,0,0,model_labels_only,"All three target models have genuine failures, indicating a hard reasoning problem.",,
510,গতিবিদ্যা,Hard,3,3,"gemma,qwen,mistral",,"gemma,qwen,mistral",0,0,0,model_labels_only,"All three target models have genuine failures, indicating a hard reasoning problem.",,
511,গতিবিদ্যা,Hard,3,3,"gemma,qwen,mistral",,"gemma,qwen,mistral",0,0,0,model_labels_only,"All three target models have genuine failures, indicating a hard reasoning problem.",,
512,গতিবিদ্যা,Medium,2,2,"qwen,mistral",,"qwen,mistral",1,0,0,model_labels_only,"Two target models have genuine failures, so the problem has moderate reasoning difficulty.",,
513,গতিবিদ্যা,Medium,2,2,"gemma,qwen",,"gemma,qwen",0,0,1,model_labels_only,"Two target models have genuine failures, so the problem has moderate reasoning difficulty.",,
514,গতিবিদ্যা,Hard,3,3,"gemma,qwen,mistral",,"gemma,qwen,mistral",0,0,0,model_labels_only,"All three target models have genuine failures, indicating a hard reasoning problem.",,
515,গতিবিদ্যা,Hard,3,3,"gemma,qwen,mistral",,"gemma,qwen,mistral",0,0,0,model_labels_only,"All three target models have genuine failures, indicating a hard reasoning problem.",,
516,সম্ভাবনা,Easy,1,1,mistral,,mistral,1,1,0,model_labels_only,Only one target model has a genuine failure; most models solved the reasoning.,,
517,সম্ভাবনা,Hard,3,3,"gemma,qwen,mistral",,"gemma,qwen,mistral",0,0,0,model_labels_only,"All three target models have genuine failures, indicating a hard reasoning problem.",,
518,সম্ভাবনা,Easy,0,0,,,,1,1,1,model_labels_only,"All three target models solved it, or failures are final-format/non-reasoning only.",,
519,সম্ভাবনা,Easy,1,1,mistral,,mistral,1,1,0,model_labels_only,Only one target model has a genuine failure; most models solved the reasoning.,,
520,সম্ভাবনা,Medium,2,2,"gemma,mistral",,"gemma,mistral",0,1,0,model_labels_only,"Two target models have genuine failures, so the problem has moderate reasoning difficulty.",,
521,সম্ভাবনা,Easy,0,0,,,,1,1,1,model_labels_only,"All three target models solved it, or failures are final-format/non-reasoning only.",,
522,সম্ভাবনা,Easy,1,1,qwen,,qwen,1,0,1,model_labels_only,Only one target model has a genuine failure; most models solved the reasoning.,,
524,সম্ভাবনা,Easy,0,0,,,,1,1,1,model_labels_only,"All three target models solved it, or failures are final-format/non-reasoning only.",,
525,সম্ভাবনা,Hard,3,3,"gemma,qwen,mistral",,"gemma,qwen,mistral",0,0,0,model_labels_only,"All three target models have genuine failures, indicating a hard reasoning problem.",,
526,সম্ভাবনা,Medium,2,2,"gemma,qwen",,"gemma,qwen",0,0,1,model_labels_only,"Two target models have genuine failures, so the problem has moderate reasoning difficulty.",,
527,সম্ভাবনা,Easy,1,1,mistral,,mistral,1,1,0,model_labels_only,Only one target model has a genuine failure; most models solved the reasoning.,,
528,সম্ভাবনা,Hard,3,3,"gemma,qwen,mistral",,"gemma,qwen,mistral",0,0,0,model_labels_only,"All three target models have genuine failures, indicating a hard reasoning problem.",,
529,সম্ভাবনা,Easy,0,0,,,,1,1,1,model_labels_only,"All three target models solved it, or failures are final-format/non-reasoning only.",,
530,সম্ভাবনা,Easy,0,0,,,,1,1,1,model_labels_only,"All three target models solved it, or failures are final-format/non-reasoning only.",,
531,সম্ভাবনা,Easy,0,0,,,,1,1,1,model_labels_only,"All three target models solved it, or failures are final-format/non-reasoning only.",,
532,সম্ভাবনা,Easy,1,1,mistral,,mistral,1,1,0,model_labels_only,Only one target model has a genuine failure; most models solved the reasoning.,,
533,সম্ভাবনা,Easy,0,0,,,,1,1,1,model_labels_only,"All three target models solved it, or failures are final-format/non-reasoning only.",,
534,সম্ভাবনা,Easy,0,0,,,,1,1,1,model_labels_only,"All three target models solved it, or failures are final-format/non-reasoning only.",,
535,সম্ভাবনা,Hard,3,3,"gemma,qwen,mistral",,"gemma,qwen,mistral",0,0,0,model_labels_only,"All three target models have genuine failures, indicating a hard reasoning problem.",,
536,সম্ভাবনা,Easy,1,1,mistral,,mistral,1,1,0,model_labels_only,Only one target model has a genuine failure; most models solved the reasoning.,,
537,সম্ভাবনা,Medium,2,2,"gemma,mistral",,"gemma,mistral",0,1,0,model_labels_only,"Two target models have genuine failures, so the problem has moderate reasoning difficulty.",,
538,সম্ভাবনা,Medium,2,2,"gemma,mistral",,"gemma,mistral",0,1,0,model_labels_only,"Two target models have genuine failures, so the problem has moderate reasoning difficulty.",,
539,সম্ভাবনা,Medium,2,2,"gemma,qwen",,"gemma,qwen",0,0,1,model_labels_only,"Two target models have genuine failures, so the problem has moderate reasoning difficulty.",,
540,সম্ভাবনা,Hard,3,3,"gemma,qwen,mistral",,"gemma,qwen,mistral",0,0,0,model_labels_only,"All three target models have genuine failures, indicating a hard reasoning problem.",,
542,সম্ভাবনা,Medium,2,2,"gemma,mistral",,"gemma,mistral",0,1,0,model_labels_only,"Two target models have genuine failures, so the problem has moderate reasoning difficulty.",,
543,সম্ভাবনা,Easy,0,0,,,,1,1,1,model_labels_only,"All three target models solved it, or failures are final-format/non-reasoning only.",,
544,সম্ভাবনা,Easy,1,1,gemma,,gemma,0,1,1,model_labels_only,Only one target model has a genuine failure; most models solved the reasoning.,,
545,সম্ভাবনা,Easy,0,0,,,,1,1,1,model_labels_only,"All three target models solved it, or failures are final-format/non-reasoning only.",,
546,সম্ভাবনা,Easy,1,1,mistral,,mistral,1,1,0,model_labels_only,Only one target model has a genuine failure; most models solved the reasoning.,,
547,সম্ভাবনা,Medium,2,2,"gemma,mistral",,"gemma,mistral",0,1,0,model_labels_only,"Two target models have genuine failures, so the problem has moderate reasoning difficulty.",,
548,সম্ভাবনা,Medium,2,2,"gemma,qwen",,"gemma,qwen",0,0,1,model_labels_only,"Two target models have genuine failures, so the problem has moderate reasoning difficulty.",,
549,সম্ভাবনা,Medium,2,2,"gemma,mistral",,"gemma,mistral",0,1,0,model_labels_only,"Two target models have genuine failures, so the problem has moderate reasoning difficulty.",,
550,সম্ভাবনা,Easy,0,0,,,,1,1,1,model_labels_only,"All three target models solved it, or failures are final-format/non-reasoning only.",,
